property_id,rule_name,rule_id
1677012,Avoid string interpolations to prevent SQL injections (MyBatis/iBatis),1677000
1106085,Ensure DB2 Built-in Function CURRENT DATE is not used,1106176
1106084,Ensure GENERATED AS IDENTITY is not used,1106174
1106082,Ensure CCSID num column clause is not used,1106172
1106083,Ensure CCSID ASCII | UNICODE | EBCDIC column clause is not used,1106170
1106081,Ensure FOR SBCS | MIXED DATA column clause is not used,1106168
1106080,Ensure FOR BIT DATA column clause is not used,1106166
1106079,Ensure CHAR(n) with implicit default values is not used,1106164
1106078,Ensure DATE with implicit default values is not used,1106162
1106077,"Ensure DECIMAL(p, s) with implicit default values is not used",1106160
1106076,Ensure INTEGER with implicit default values is not used,1106158
1106075,"Ensure NUMERIC(p, s) with implicit default values is not used",1106156
1106074,Ensure VARCHAR(n) with implicit default values is not used,1106154
1106073,Ensure TIMESTAMP data type is not used,1106152
1106049,Ensure SYSIBM.SYSDUMMY1 table is not used,1106150
1106053,Ensure VALUES statement is not used,1106148
1106071,Ensure SQL Server DECLARE variable is not used,1106146
1106072,Ensure SQL Server SET/SELECT variable is not used,1106144
1106070,Ensure IDENTITY Columns is not used,1106142
1106069,Ensure SQL server Scalar Function ISNULL is not used,1106140
1106068,Ensure SQL server Scalar Function GETDATE is not used,1106138
1106067,Ensure SQL server Scalar Function DATEDIFF is not used,1106136
1106066,Ensure SQL server Scalar Function DATEADD is not used,1106134
1106065,Ensure SQL server Scalar Function CONVERT is not used,1106132
1106064,Ensure DATETIMEOFFSET data type is not used,1106130
1106063,Ensure NCHAR data type is not used,1106128
1106062,Ensure NTEXT data type is not used,1106126
1106061,Ensure NVARCHAR data type is not used,1106124
1106060,Ensure ROWVERSION data type is not used,1106122
1106059,Ensure SMALLMONEY data type is not used,1106120
1106058,Ensure TIMESTAMP data type is not used,1106118
1106057,Ensure TINYINT data type is not used,1106116
1106056,Ensure VARBINARY data type is not used,1106114
1106055,Ensure FROM keyword is used in DELETE Statement,1106112
1106087,Ensure MERGE statement is not used,1106110
1106054,Ensure DB2 SET variable is not used,1106108
1106053,Ensure VALUES statement is not used,1106106
1106049,Ensure SYSIBM.SYSDUMMY1 table is not used,1106104
1106051,Ensure DB2 DECLARE variable is not used,1106102
1106052,Ensure DECLARE cursor is not used,1106100
1106050,Ensure CASE Expression is not used,1106098
1106048,Ensure PARTITION is not used in ALTER TABLE statements,1106096
1106047,Ensure DB2 Scalar Functions DECIMAL/DEC are not used,1106094
1106046,Ensure DB2 Scalar Functions DAY/DAYS are not used,1106092
1106045,Ensure DB2 Scalar Function MONTH is not used,1106090
1106044,Ensure DB2 Scalar Function YEAR is not used,1106088
1106043,Ensure DB2 Scalar Function CONCAT is not used,1106086
1106042,Ensure DB2 Scalar Function CHAR is not used,1106084
1106041,Ensure DB2 Scalar Function TIMESTAMP is not used,1106082
1106040,Ensure DB2 Scalar Function RAND is not used,1106080
1106039,Ensure DB2 Scalar Function POSSTR is not used,1106078
1106038,Ensure DB2 Scalar Function LCASE is not used,1106076
1106037,Ensure DB2 Scalar Function SMALLINT is not used,1106074
1106036,Ensure DB2 Scalar Function DATE is not used,1106072
1106035,Ensure DECFLOAT data type is not used,1106070
1106034,Ensure FLOAT data type is not used,1106068
1106033,Ensure GRAPHIC data type is not used,1106066
1106032,Ensure NCHAR VARYING data type is not used,1106064
1106031,Ensure NCHAR data type is not used,1106062
1106030,Ensure NVARCHAR data type is not used,1106060
1106029,Ensure VARCHAR(n) FOR BIT DATA data type is not used,1106058
1106028,Ensure DBCLOB data type is not used,1106056
1106086,Ensure CLOB data type is not used,1106054
1106027,Ensure BLOB data type is not used,1106052
1106026,Ensure CREATE TRIGGER is not used,1106050
1106025,Ensure CREATE PROCEDURE is not used,1106048
1106024,Ensure CREATE FUNCTION is not used,1106046
1106023,Ensure PL/SQL packages UTL_MAIL and UTL_SMTP are not used,1106044
1106022,Ensure Invisible Index is not used,1106042
1106021,Ensure READ ONLY Table is not used,1106040
1106020,Ensure Unused Column is not used,1106038
1106019,Ensure Database Links are not used,1106036
1106018,Ensure EXTERNAL TABLEs are not used,1106034
1106017,Ensure ROWID data type is not used,1106032
1106016,Ensure INDEX-ORGANIZED TABLEs (IOT) are not used,1106030
1106015,Ensure CLUSTER clause in CREATE TABLE statements is not used,1106028
1106014,Ensure XMLType columns are not used,1106026
1106013,Ensure SHARDED tables are not used,1106024
1106012,Ensure you don't have unsupported option GENERATED BY DEFAULT for identity columns,1106022
1106010,Ensure LOB data types are not used,1106020
1106009,Ensure PL/SQL procedures DBMS_LOGMNR.ADD_LOGFILE and DBMS_LOGMNR.REMOVE_LOGFILE are not used,1106018
1106008,Ensure PL/SQL packages UTL_HTTP and UTL_SMTP are not used,1106016
1106007,Ensure PL/SQL package DBMS_AUTO_INDEX is not used,1106014
1106006,Ensure PL/SQL package DBMS_OUTPUT is not used,1106012
1106005,Ensure PL/SQL package DBMS_RANDOM is not used,1106010
1106004,Ensure PL/SQL package DBMS_SCHEDULER is not used,1106008
1106003,Ensure PL/SQL package UTL_FILE is not used,1106006
1106002,Ensure CLOB data type is not used,1106004
1106001,Ensure MERGE statement is not used,1106002
1106000,Ensure unsupported PL/SQL packages are not used,1106000
141214,CDS View AccessControl.authorizationCheck should not be set to '#NOT_REQUIRED' (S4/HANA),1104008
141211,CDS view association name should be defined according to the naming convention (S4/HANA),1104006
141209,Prefer setting cardinality for CDS view associations (S4/HANA),1104004
141208,"Prefer setting ""many to one"" cardinality for ""left outer join"" in CDS Views (S4/HANA)",1104002
141204,"Prefer using associations instead ""left outer join"" in CDS Views (S4/HANA)",1104000
1101963,"When using compound indexes, avoid having different index ordering in collection access",1101964
1101961,Avoid using explain() in production code,1101962
1101957,Avoid artifacts having db.collection.ensureIndex() to create new indexes,1101958
1101923,Avoid using explain() in production code (JEE),1101920
1101919,"When using compound indexes, avoid having different index ordering in collection access",1101916
1101062,Avoid LOCK TABLE statements in SQL code for COBOL Programs,1101112
1101096,Avoid Cobol SQL Cursors without FOR READ ONLY or FOR FETCH ONLY or FOR UPDATE or BROWSE ACCESS clauses,1101108
1101061,Avoid using LIKE conditions without wildcards,1101102
1101090,"Avoid Functions and Procedures doing an Insert, Update or Delete without managing a transaction (SQL)",1101100
1101089,Avoid Artifacts with a Complex SELECT Clause (SQL),1101098
1101088,Avoid SQL injection in dynamic SQL for Oracle,1101096
1101087,Avoid Stored Procedures not returning a status value (SQL),1101094
1101086,"Avoid Procedures using an Insert, Update, Delete, Create Table or Select without including error management (SQL)",1101092
1101084,Avoid Tables without a clustered Index (SQL),1101090
1101058,Avoid using LONG and LONG RAW datatypes,1101088
1101057,"Always use VARCHAR2 and NVARCHAR2 instead of CHAR, VARCHAR or NCHAR",1101086
1101056,Avoid Cursors inside a loop (SQL),1101084
1101054,Avoid unqualified column references,1101076
1101053,Avoid Tables aliases ending with a numeric suffix,1101074
1101051,Avoid not aliased Tables,1101072
1101050,Avoid explicit comparison with NULL,1101070
1101049,Avoid improperly written triangular joins with XXL tables,1101066
1101048,Avoid using multiple statements per line (SQL),1101062
1101047,Avoid using LIKE conditions starting with a wildcard character,1101060
1101045,Avoid mixing ANSI and non-ANSI JOIN syntax in the same query,1101058
1101043,Never use WHEN OTHER THEN NULL,1101054
1101042,Use WHEN OTHERS in exception management (SQL),1101052
1101033,Avoid empty catch blocks (SQL),1101040
1101032,Avoid OR conditions testing equality on the same identifier in SQL WHERE clauses,1101038
1101031,Use ANSI standard operators in SQL WHERE clauses,1101036
1101030,Avoid using DISTINCT in SQL SELECT statements,1101034
1101029,Avoid exists and not exists independent clauses (SQL),1101032
1101020,Use MINUS or EXCEPT operator instead of NOT EXISTS and NOT IN subqueries,1101028
1101019,Always define column names when inserting values,1101026
1101015,Avoid using dynamic SQL in SQL Artifacts,1101024
1101013,Avoid using quoted identifiers,1101020
1101012,Avoid using the GROUP BY clause,1101018
1101010,Avoid queries using old style join convention instead of ANSI-Standard joins (SQL),1101014
1101009,Avoid specifying column numbers instead of column names in ORDER BY clauses,1101012
1101008,Avoid NATURAL JOIN queries,1101010
1101007,Avoid non-SARGable queries,1101008
1101004,Avoid non-indexed XXL SQL queries,1101006
1101003,Avoid non-indexed SQL queries,1101004
1101000,Never use SQL queries with a cartesian product on XXL Tables (SQL),1101002
1101001,Never use SQL queries with a cartesian product (SQL),1101000
155125,Avoid using typeid in polymorphic class from the body of its constructor or destructor.,1065132
155122,"Avoid defining, redefining or undefining standard macros from standard library",1065130
155120,Avoid having unused labels in your program (C/C++),1065128
155118,Avoid using goto to jump backwards into a statement in the same function(C/C++),1065126
155114,Avoid #define or #undef macros anywhere other than global namespace,1065122
155112,Avoid using # OR ## operators more than once while defining macros,1065120
155110,Arguments to a function-like macro shall not contain tokens that look like preprocessing directives.,1065118
155108,"Undefined macro identifiers shall not be used in #if or #elif preprocessor directives, except as operands to the defined operator",1065116
155106,"Avoid lines starting with ""#"" with invalid pre-processing directive",1065114
155100,Ensure arrays and containers are accessed using unsigned values,1065110
155102,"Bit-fields shall be either unsigned integral, or enumeration (with underlying type of unsigned integral type).",1065108
155098,Avoid comparing types of different widths in a loop,1065106
155096,Converting a multiplication to a larger type should be done before the multiplication takes place,1065104
155094,Avoid checking Integer overflow without explicit cast,1065102
155091,Avoid move constructor and move assignment operator to exit with an exception,1065100
155089,Avoid delete operators to exit with an exception.,1065098
155087,Avoid dynamic_cast to convert current object to its derived class from its constructor or destructor,1065096
155085,"Avoid having expressions with bool type to be used as operands on operators other than =, &&, ||, !, ==, !=, the unary & operator, and the conditional operator",1065094
155083,Avoid having boolean operators with non-boolean operands (C/C++),1065092
155081,Avoid using 'enum' types as operands for arithmetic contexts,1065090
155079,Member functions shall not return non-const handles to class-data.,1065088
155077,Avoid casting and converting a pointer type to an integral type (C/C++),1065086
155075,Avoid performing conversion from a function pointer to any other type (C/C++),1065084
155073,Handlers of a function-try-block implementation of a class constructor ordestructor shall not reference non-static members from this class or its bases.,1065082
155071,Avoid using C-style and functional notation casts (C++),1065080
155067,A base class shall be declared virtual only if it is used in a diamond hierarchy,1065078
155065,Avoid declaring data members in non-POD classes as public or protected,1065076
155061,All constructors that are callable with a single argument of fundamental type shall be declared explicit.,1065074
155059,Avoid using Unions,1065072
155057,Avoid using Trigraphs,1065070
155055,Avoid using Digraphs (C++),1065068
155063,"Avoid having  a method call or additional expressions in a statement using ""++"" or ""--"" operators (C/C++)",1065066
155053,Avoid doing assignments in sub-expressions (C++),1065064
155050,Avoid testing floating point numbers for equality,1065062
155049,Avoid loops with floating point counter (C/C++),1065060
155047,Ensure that there is at least one exception handler to catch-all otherwise unhandled exceptions in the main function(C++),1065058
155045,Avoid throwing exceptions outside of main(),1065056
155043,Do not override the standard library functions (C/C++),1065054
155041,Avoid using Octal constants or escape sequences (C/C++),1065052
155039,"Avoid using ""sizeof"" on expressions that contain side effects",1065050
155037,"Where multiple handlers are provided in a single try-catch statement or function-try-block, any ellipsis (catch-all) handler shall occur last.",1065048
155035,Avoid using the unbounded functions of <cstring> library,1065046
155033,"Avoid other than main(), namespace declarations and extern ""C"" declarations in the global namespace (C/C++)",1065044
155031,Avoid non-void return type function without an explicit return of an expression (C/C++),1065042
155029,Avoid anonymous namespaces in header files (C++),1065040
155027,Avoid using 'signal.h' (C/C++),1065038
155025,Avoid using '//' and  '/*' within comments (C/C++),1065036
155023,Avoid throwing an exception object of pointer type (C++),1065034
155021,Avoid flexible array members (C/C++),1065032
155019,All if … else if constructs shall be terminated with an else clause (C/C++),1065030
155017,Ensure Switch statements have at least 2 case clauses (C/C++),1065028
155015,Ensure exception objects are always caught by reference (C++),1065026
155013,"Avoid using the standard library time and date functions from ""<time.h>"" (C/C++)",1065024
155011,Avoid using <stdio.h> (C/C++),1065022
155009,Avoid using <ctime> (C++),1065020
155007,Avoid using offsetof from <cstddef>,1065018
155005,"Avoid using atof,atol, atoll or atoi functions from <stdlib.h> (C/C++)",1065016
155003,Avoid using the library functions bsearch and qsort from <stdlib.h> (C/C++),1065014
155001,Avoid using 'setjmp' or 'longjmp' (C/C++),1065012
141901,Avoid using <cstdio> stream input output library (C++),1065010
140894,Avoid use of unvalidated input in array indexing and memory allocation,1065008
140867,Avoid iterator invalidation.,1065006
140862,Ensure that dynamically allocated memory on local pointer in functions/methods is freed.,1065004
140856,"""enum"" members other than the first one should not be explicitly initialized unless all members are explicitly initialized.",1065002
140854,"Avoid using ""continue"" statement",1065000
1055023,Avoid dynamic code injection in WKWebView (Swift),1055046
1055022,Avoid using cryptography hash without salt (Swift),1055044
1055020,Avoid using NSXMLParser without restriction of XML External Entity Reference (XXE) (Swift),1055042
1055019,Avoid using XMLDocument without restriction of XML External Entity Reference (XXE) (Swift),1055040
1055021,Avoid weak encryption algorithm (Swift),1055038
1055015,Avoid hard-coded passwords (Swift),1055036
1055013,Avoid empty generic catch blocks (Swift),1055034
1055016,Avoid using NSPredicate(format:) (Swift),1055032
1055024,Avoid hard-coded network resource names (Swift),1055028
1055018,Avoid Superclass knowing Subclass (Swift),1055026
1055007,UIApplicationDelegate applicationDidEnterBackground must delete sensitive data (Swift),1055022
1055014,Avoid using kSecAttrAccessibleAlways attribute when storing data in the Keychain (Swift),1055020
1055012,Always use LAContext canEvaluatePolicy before using evaluatePolicy (Swift),1055018
1055011,Ensure that LAContext evaluatePolicy reply block success is checked (Swift),1055016
1055010,Ensure that LAContext evaluatePolicy reply block is not empty (Swift),1055014
1055009,Avoid using deprecated SSL protocol (Swift),1055012
1055003,Avoid synchronizing the credentials with iCloud (Swift),1055010
1055006,Avoid weak encryption key size (Swift),1055008
1055005,Avoid weak cryptographic hash (Swift),1055006
1055004,Avoid creating file without protection (Swift),1055004
1055008,Avoid using the call of web service with iOS/Swift API inside a loop,1055002
1055001,Avoid using unsecured cookie (Swift),1055000
1050101,Avoid using unsecured cookie (Objective-C),1050066
1050099,Avoid weak cryptographic hash (Objective-C),1050064
140573,Avoid empty catch blocks (Objective-C),1050062
1050595,Avoid using multiple break statement in 'for' loops (Objective-C),1050060
1050097,Avoid omitting curly braces (Objective-C),1050054
1050095,Avoid empty finally block (Objective-C),1050052
1050093,Avoid cryptography hash without salt (Objective-C),1050050
1050091,Avoid creating file without protection (Objective-C),1050048
1050089,Avoid weak encryption algorithm (Objective-C),1050046
1050087,Avoid weak encryption key size (Objective-C),1050044
1050085,Avoid synchronizing the credentials with iCloud (Objective-C),1050042
1050083,Avoid using SecTransform API,1050040
1050080,Avoid using NSURLRequestUseProtocolCachePolicy for NSURLRequest (Objective-C),1050038
1050078,Ensure that iOS Projects are ARC enabled,1050036
1050076,Ensure that LAContext evaluatePolicy: reply block is not empty (Objective-C),1050034
1050074,Ensure that LAContext evaluatePolicy: reply block success is checked (Objective-C),1050032
1050072,Ensure the Objective-C error condition check is not fragile,1050030
1050070,Always use LAContext canEvaluatePolicy: before using evaluatePolicy: (Objective-C),1050028
1050067,Avoid using non thread-safe Objective-C singleton pattern,1050026
1050065,Avoid using kSecAttrAccessibleAlways attribute when storing data in the Keychain,1050024
1050063,Avoid using deprecated SSL protocol (Objective-C),1050022
1050060,Avoid return statement in @finally block,1050020
1050568,Never use strcpy() function (Objective-C),1050018
1050566,Never use strcat() function (Objective-C),1050016
1050058,UIApplication delegate applicationDidEnterBackground: must delete sensitive data (Objective-C),1050014
1050056,Avoid Objective-C interface overriding only isEqual method or only hash method,1050012
1050054,Avoid using NSURLRequest setAllowsAnyHTTPSCertificate:forHost,1050010
1050052,Avoid using NSMutableString appendFormat: on behalf of NSURL instance,1050008
1050050,Avoid using NSException raise:format: and raise:format:arguments:,1050006
1050048,Avoid using NSPredicate predicateWithFormat,1050004
1050046,Avoid using NSString stringWithFormat on behalf of NSURL instance,1050002
1050044,Avoid using the call of web service with iOS/Objective-C API inside a loop,1050000
1043085,Avoid using Html.Raw() or HtmlHelper.Raw(),1043086
1043083,Avoid XML schemas with unbounded occurrences,1043084
1043079,Avoid disabling OR not defining encryption behavior for encryption when connecting with Database,1043080
1043077,Avoid debug binaries that include detailed debug information,1043078
1043075,Avoid disabling custom errors mode to prevent exposure of exceptions and error data,1043076
1043073,Avoid creating unsecured HTTPS GET metadata endpoint in configuration,1043074
1043071,Avoid creating unsecured HTTPS GET metadata endpoint in code,1043072
1043069,Avoid disabling the XSRF/CSRF Protection (ASP.NET Core MVC),1043070
1043067,Avoid using RequireHttpsAttribute on Web APIs that receive sensitive information,1043068
1043065,Always use HTTPS Redirection Middleware and HSTS Middleware in your ASP.NET Core application,1043066
1043061,Avoid having all users accessing resources (.NET),1043062
1043059,Avoid disabling HMAC signature verification (C#),1043060
1043057,Avoid disabling Header Checking flag in config file,1043058
1043053,Avoid overly permissive Cross-Origin Resource Sharing (CORS) policy,1043054
1043051,Ensure aspnet:UseLegacyFormsAuthenticationTicketCompatibility is set to true,1043052
1043049,Avoid having long timeout for HttpCookie (> 5 mn),1043050
1043047,Avoid having cookie with an overly broad domain (C#),1043048
1043045,Avoid creating cookie with overly broad path (C#),1043046
1043043,Avoid disabling the XSRF/CSRF Protection (ASP.NET MVC),1043044
1043037,Avoid having applications with the tracing activated in the source code,1043038
1043035,Avoid using Impersonate identity (ASP.NET),1043036
1043033,Avoid having applications with the tracing activated in the web config file,1043034
1043031,Avoid having ASPX pages with tracing activated,1043032
1043029,Ensure the X-Frame-Options header is setup (ASP.NET),1043030
1043027,Avoid disabling EnableViewStateMac in ASPX page,1043028
1043025,Avoid disabling EnableViewStateMac in Config file (ASP.NET),1043026
1043023,Always enable RequireSSL attribute for cookies in Config file (ASP.NET),1043024
1043021,Avoid using unsecured cookie (C#),1043022
1043019,Avoid having applications with the debug mode activated,1043020
1043017,Avoid storing passwords in the config files,1043018
1043015,Avoid disabling ValidateRequest in ASPX page,1043016
1043013,Avoid disabling ValidateRequest in Config file (ASP.NET),1043014
1043011,Avoid creating cookie without setting httpOnly option in Config file (ASP.NET),1043012
1043009,Avoid creating cookie without setting httpOnly option (C#),1043010
1043007,Avoid disabling ValidateInput on controller,1043008
1043005,Avoid disabling ValidateInput on ASP.NET Http Post/Put Request,1043006
1042051,Avoid using JSON-lib library for Rest Plugin of Struts 2.5 to 2.5.14,1042052
1042049,Avoid using special top object in struts 2.0.0 - struts 2.3.24,1042050
1042045,Avoid Using Dynamic Method Invocation for Apache Struts 2.x,1042046
1042041,"Avoid using Rest Plugin with XStream handler to deserialise XML requests in Struts 2.1.2 - Struts 2.3.33, Struts 2.5 - Struts 2.5.12",1042042
1042039,Avoid using Struts URLValidator with version before 2.5.13,1042040
1042035,Avoid Long request parameter names in Struts 2.0.0 - struts 2.3.4,1042036
1042029,Avoid using Default exclude patterns (excludeParams) for Struts 2.3.20 ( and older),1042030
1042027,Avoid activating alwaysSelectFullNamespace when actions configured without namespace or with a wildcard namespace for Struts pre 2.3.34 and pre 2.5.1,1042028
1042025,Avoid Action Mapping based on wildcards with Struts 2.3.14.2 and older,1042026
1042023,Avoid Unescaped User-controlled Input attribute in Struts 1.x and 2.x,1042024
1042021,Avoid using CookieInterceptor with Struts 2.3.16 (and Older),1042022
1042017,Avoid Missing Form Bean in Struts 1.x,1042018
1042015,Avoid Struts action Mapping with disabled validator ,1042016
1042011,Avoid Unused Validation Form in Struts 1.x,1042012
1042009,Avoid using ParametersInterceptor with class parameter for Struts 2.3.16 (and older),1042010
1042007,Avoid using ActionForward with untrusted data source to prevent file path disclosure,1042008
1042003,Avoid Duplicate Struts validation forms with the same name,1042004
1040049,Avoid unsafe object binding (Spring),1040048
1040050,Avoid weak encryption algorithm (Spring),1040046
1040043,Avoid using UnZipTransformer of spring-integration-zip prior to version 1.0.1,1040044
1040042,Avoid using Spring Security in combination with Spring Framework 5.0.5,1040042
1040039,"Avoid using Spring Security Path Matching Inconsistency before Spring Framework 3.2.x, 4.0.x, 4.1.x, 4.2.x",1040038
1040038,Avoid using STOMP Spring messaging module before Spring 5.0.5 and 4.3.16,1040036
1040037,"StrictHttpFirewall should be set as Http Firewall before Spring Security 5.0.1, 4.2.4, and 4.1.5",1040034
1040033,Avoid Using ControllerAdvice And HandlerExceptionResolver simultaneously,1040032
1040031,Avoid Using Generic Authentication Exception Class,1040030
1040027,Avoid not providing an explicit HTTP method in @RequestMapping methods,1040026
1040025,Spring Boot Shutdown Actuator Endpoint must be secured from unauthenticated access.,1040024
1040019,Ensure the X-Frame-Options header is setup (Spring),1040018
1040017,PermitAll or user role should be specified to access URL(s) of the application,1040016
1040015,Avoid using Spring Security's debug mode,1040014
1040013,HTTP user session must be invalidated during logout,1040012
1040011,Always delete the cookies during the logout (Spring),1040010
1040009,Ensure declaring formLogin after requesting authorization and authentication,1040008
1040007,Always set Content-Security-Policy for spring application,1040006
1040001,Avoid disabling CSRF Protection (Spring Security),1040002
1039020,Avoid using XPathExpression without a configurable secure parser (XXE),1039094
1039018,Avoid using JAXB Unmarshaller without a configurable secure parser (XXE),1039092
1039016,Avoid using java.beans.XMLDecoder (XXE),1039090
1039014,Avoid using Validator without restriction of XML External Entity Reference (XXE),1039088
1039012,Avoid using DOMParser without restriction of XML External Entity Reference (XXE),1039086
1039010,Avoid using SAXBuilder without restriction of XML External Entity Reference (XXE),1039084
1039008,Avoid using SAXTransformerFactory without restriction of XML External Entity Reference (XXE),1039082
1039006,Avoid using TransformerFactory without restriction of XML External Entity Reference (XXE),1039080
1039004,Avoid using SchemaFactory without restriction of XML External Entity Reference (XXE),1039078
1039002,Avoid using HttpURLConnection with HTTP protocol,1039076
1039073,Avoid using Apache ActiveMQ 5.x before 5.13.0,1039074
1039071,Avoid using jYAML to deserialize YAML (JEE),1039072
1039069,Avoid using URL.equals(Object obj) or URL.hashCode(),1039070
1039067,Avoid using the Non-Serializable Object Stored in Session,1039068
1039065,Avoid creating cookie with an overly broad path (JEE),1039066
1039063,Avoid having cookie with an overly broad domain (JEE),1039064
1039061,Always implement readObject() to prevent untrusted deserialization when loading from ObjectInputStream,1039062
1039059,Avoid generating key with insufficient random generator in cookies,1039058
1039057,Avoid insecure use of YAML deserialization when using SnakeYaml (JEE),1039056
1039053,Avoid Http Session without expiration,1039052
1039051,Add @Override on methods overriding or implementing a method declared in a super type,1039050
1039047,Always use {@code} to wrap code statements or values such as null,1039046
1039043,Avoid usage of BannedAPI when using ESAPI library,1039044
1039039,Avoid using XMLInputFactory without restriction of XML External Entity Reference (XXE),1039040
1039037,Avoid using XPathFactory without restriction of XML External Entity Reference (XXE),1039038
1039035,Avoid using XMLReader without restriction of XML External Entity Reference (XXE),1039036
1039033,Avoid using SAXParserFactory without restriction of XML External Entity Reference (XXE),1039034
1039031,Avoid using DocumentBuilder without restriction of XML External Entity Reference (XXE),1039032
1039029,Avoid using DefaultHttpClient constructor,1039030
1039027,Avoid weak encryption providing not sufficient key size (JEE),1039028
1039025,Avoid creating cookie without setting httpOnly option (JEE),1039026
1039023,Avoid using unsecured cookie (JEE),1039024
1039021,Avoid using Insecure PBE Iteration Count,1039022
1039019,Avoid using javax.crypto.NullCipher,1039020
1039017,Avoid using cryptography hash with hard-coded salt,1039018
1039015,Avoid Unvalidated URL Redirect,1039016
1039013,Avoid using Cipher with no HMAC to ensure data integrity,1039014
1039011,Avoid using referer header field in HTTP request,1039012
1039009,Avoid using risky cryptographic hash (JEE),1039010
1039007,Avoid thrown Exceptions in servlet methods,1039008
1039005,Avoid using predictable SecureRandom Seeds,1039006
1039003,Avoid using HttpServletRequest.getRequestedSessionId(),1039004
1039001,Avoid using deprecated SSL protocols to secure connection,1039002
1034029,Avoid uncontrolled sleep calls (PHP),1034058
1034028,Avoid using hard-coded HMAC keys (PHP),1034056
1034027,Avoid parsing XML data without restriction of XML External Entity Reference (XXE) (PHP),1034054
1034026,Avoid second order XPath injection (PHP),1034052
1034025,Avoid XPath injection (PHP),1034050
1034024,Avoid using insufficient random generator (PHP),1034048
1034023,Avoid second order reflection injection (PHP),1034046
1034022,Avoid second order server-side request forgery (PHP),1034044
1034021,Avoid second order HTTP header injection (PHP),1034042
1034020,Avoid second order deserialization injection (PHP),1034040
1034019,Avoid cross-site scripting (persistent) (PHP),1034038
1034018,Avoid second order file path manipulation (PHP),1034036
1034017,Avoid second order cookie injection (PHP),1034034
1034016,Avoid second order PHP Remote File Inclusion,1034032
1034015,Avoid second order OS command injection (PHP),1034030
1034014,Avoid second order LDAP injection (PHP),1034028
1034013,Avoid second order code injection (PHP),1034026
1034012,Avoid second order SQL injection (PHP),1034024
1034011,Avoid server-side request forgery (PHP),1034022
1034010,Avoid HTTP header injection (PHP),1034020
1034009,Avoid deserialization injection (PHP),1034018
1034008,Avoid reflected cross-site scripting (non persistent) (PHP),1034016
1034007,Avoid file path manipulation (PHP),1034014
1034006,Avoid reflection injection (PHP),1034012
1034005,Avoid code injection (PHP),1034010
1034004,Avoid PHP Remote File Inclusion,1034008
1034003,Avoid OS command injection (PHP),1034006
1034002,Avoid LDAP injection (PHP),1034004
1034001,Avoid cookie injection (PHP),1034002
1034000,Avoid SQL injection (PHP),1034000
10300231,Avoid passing an existing array with spread operator as an argument using vararg as parameters (Kotlin),1030022
1030029,Avoid unhandled Exceptions in servlet methods (Kotlin),1030020
1030028,Avoid hard-coded network resource names (Kotlin),1030018
1030027,Avoid hard-coded passwords and credentials (Kotlin),1030016
1030026,Avoid using RSA Cryptographic algorithms without OAEP (Optimal Asymmetric Encryption Padding) (Kotlin),1030014
1030024,Avoid using weak encryption algorithm as DES and tripleDES (Kotlin),1030012
1030023,"Avoid using ""foreach"" to iterate over a explicit range (Kotlin)",1030004
1030022,"Avoid using ""Throwable.printStackTrace()"" with no argument (Kotlin)",1030002
1030021,"Avoid ""when"" statement or expression without an else (Kotlin)",1030000
141340,Avoid using Regex constructor or static method without timeout,1027102
141273,Avoid dangerous File Upload,1027100
141168,Avoid unused private types or members,1027098
141166,Avoid raising exceptions in unexpected location,1027096
141146,Always provide deserialization methods for optional fields,1027094
141142,"Always pass optional parameters too, when making 'base' calls",1027092
141141,Avoid improper instantiation of argument exceptions,1027090
141126,Avoid non-public custom exception types,1027088
141125,Avoid having the same implementation in a conditional structure,1027086
141135,Avoid calling CoSetProxyBlanket and CoInitializeSecurity,1027084
141124,Avoid using console logging (.Net),1027082
141103,Always use ConfigureAwait(false) in library code awaited tasks,1027080
141093,Always mark Windows Forms starting point as STAThread,1027078
141089,Avoid allowing File IO unrestricted access,1027076
141097,Avoid hard-coded URIs (.NET),1027074
141092,Avoid if statements and blocks that are always TRUE or FALSE,1027070
141087,Avoid returning null from ToString(),1027068
141086,Avoid throwing exception from property getters,1027066
141085,Always override 'Equals' and Comparison operators with IComparable implementation,1027064
141081,"Avoid blocking async methods (.NET, VB)",1027058
141078,Always use System.Uri instead of string to build URLs,1027054
141076,"DEPRECATED: Avoid NULL Pointer Dereference (C#, VB.NET)",1027052
141077,Avoid throwing ArgumentException from yielding method.,1027050
141075,Avoid returning null from non-async Task/Task<T> method,1027048
141074,Avoid storing passwords in Comments,1027046
141071,Avoid using SafeHandle.DangerousGetHandle,1027044
141070,Avoid having unmatched contracts for exported interfaces,1027042
141069,Avoid using multiple OrderBy calls,1027040
141067,"Avoid if … else if constructs not terminated with an else clause (.NET, VB)",1027038
141068,Avoid rethrowing exception explicitly,1027036
141066,Never catch NullReferenceException,1027034
141065,"Avoid hard-coded network resource names (.NET, VB)",1027032
141064,"Avoid using ""Obsolete"" attribute without message",1027030
141060,Avoid Connection String Parameter Pollution,1027026
141061,Avoid comparing passwords against hard-coded strings,1027024
141057,"Avoid using ""new Guid()""",1027022
141052,Prefer using Any() over Count() or LongCount(),1027020
141051,Avoid throwing exceptions from finally block,1027018
141050,Avoid throwing exceptions in destructors,1027016
141045,Avoid using Thread API (Suspend\Resume) to manage thread state,1027014
140961,Avoid storing Non-Serializable Object as HttpSessionState attributes.,1027012
140931,Avoid weak encryption providing insufficient key size (.NET),1027010
140926,Always Revert After Impersonation,1027008
140921,Avoid using deprecated XmlTextReader .NET API,1027004
140903,Avoid exposing methods that use Platform Invocation Services to access unmanaged code,1027002
140898,Avoid Managed type declaration for Win32 API using Overlapped IO,1027000
1024223,Always check the device supports Biometric capability before using BiometricPrompt API,1024044
1024222,Avoid using weak encryption algorithm (Android),1024042
1024221,Always activate unlockedDeviceRequired to avoid data decryption when device is unlocked,1024040
1024220,Avoid processing Google Sign In Client without catching error,1024038
1024219,Always check all the BiometricPrompt acquired options in the onAuthenticationSucceeded method ,1024036
1024218,Always check all the BiometricPrompt error options in the onAuthenticationError method,1024034
1024217,Always manage the BiometricPrompt onAuthenticationFailed method,1024032
1024216,Avoid using FingerprintManager as biometric API,1024030
1024215,"Avoid using ""Android Protected Confirmation"" without User Confirmation",1024028
1024214,Avoid using MODE_WORLD_READABLE and MODE_WORLD_WRITEABLE,1024026
1024213,Always use HTTPS traffic to particular domains,1024024
1024212,Always released Media Resources,1024022
1024211,Avoid using implicit intent,1024020
1024210,Always provide a permission to secure Activities,1024018
1024209,Always provide permission for securing Services,1024016
1024208,Always set permission for securing Receivers,1024014
1024207,Avoid setting android:grantUriPermissions as True,1024012
1024206,Avoid applying dangerous protection level for signature-based permissions,1024010
1024205,Always use onActivityResult to pass the login results when using Facebook SDK,1024008
1024204,Always limit the accessibility of your app's Content Provider,1024006
1024203,Always have writing permission to write data of Content Provider,1024004
1024202,Always have read permission to read data of Content Provider,1024002
1024201,Avoid using AbsoluteLayout,1024000
140816,Avoid using RSA Cryptographic algorithms without OAEP (Optimal Asymmetric Encryption Padding),1022002
140815,DEPRECATED: Avoid weak encryption algorithm as DES and triple DES,1022000
1021076,Always protect against CSRF in Flask application,1021128
1021075,Ensure the HTTP Strict-Transport-Security header (HSTS) is set up for Flask (Python),1021126
1021072,Avoid uncontrolled format string (Python),1021124
1021073,Avoid cookie poisoning,1021122
1021071,Avoid mixing trusted and untrusted data in HTTP requests (Python),1021120
1021070,Avoid disabling CSRF Protection in fastapi_jwt_auth,1021118
1021069,Avoid logging sensitive data (Python),1021116
1021068,Ensure the HTTP Strict-Transport-Security header (HSTS) is set up for FastAPI (Python),1021114
1021067,Avoid OS command injection (Python),1021112
1021066,Avoid using regular expression vulnerable to ReDoS (Python),1021110
1021060,Avoid unsafe access to object attributes,1021108
1021065,Avoid server-side request forgery (Python),1021106
1021055,Avoid file path manipulation (Python),1021104
1021064,Avoid parsing XML data without restriction of XML External Entity Reference (XXE) (Python),1021102
1021062,Avoid URL redirection to untrusted site (Python),1021100
1021059,Avoid HTTP header injection (Python),1021098
1021058,Avoid second order LDAP injection (Python),1021096
1021057,Avoid cross-site scripting (persistent) (Python),1021094
1021053,Avoid reflected cross-site scripting (Python),1021092
1021056,Avoid using insufficient random generator (Python),1021090
1021054,Avoid uncontrolled sleep calls (Python),1021088
1021052,Avoid XPath injection (Python),1021084
1021051,Avoid LDAP injection (Python),1021082
1021050,Avoid resource injection (Python),1021080
1021049,Avoid unsafe deserialization (Python),1021078
1021045,Avoid mutable default parameter values,1021076
1021044,Avoid manipulating a list while iterating over it,1021074
1021043,Avoid shadowing class variables,1021072
1021042,Avoid Superclass knowing Subclass (Python),1021070
1021041,Avoid using global statement,1021068
1021039,Respect class naming conventions,1021066
1021038,Respect function naming conventions,1021064
1021037,Respect variable naming conventions,1021062
1021036,Avoid trailing whitespace,1021060
1021035,Avoid superfluous parenthesis,1021058
1021034,Missing whitespace after comma,1021056
1021033,Avoid long docstring lines,1021054
1021030,Avoid too long lines,1021052
1021032,Avoid using unsecured cookie (Python),1021050
1021031,Always protect sensitive data in config files from disclosure,1021048
1021029,Avoid Not ... Is,1021046
1021014,Avoid string interpolations to prevent SQL injections (Python),1021044
1021028,Avoid hard-coded passwords (Python),1021042
1021027,Avoid instance attributes only differing by capitalization,1021040
1021026,Avoid using exec (Python),1021038
1021025,Avoid using eval (Python),1021036
1021024,Avoid inconsistent initialization when deriving a new exception,1021034
1021023,Avoid disabling certificate check when requesting secured urls,1021032
1021022,Avoid hard-coded network resource names (Python),1021030
1021020,Avoid empty finally block (Python),1021028
1021019,Avoid leaving open file resources (Python),1021026
1021018,Avoid return statement in finally block,1021024
1021017,'Initialize ancestors when overriding __init__',1021022
1021016,Avoid using wildcard (*) imports,1021020
1021015,Avoid catch-all except blocks with empty handlers,1021018
1021013,Avoid weak encryption algorithm (Python),1021016
1021012,Avoid using yield and return with value inside a function,1021014
1021010,Avoid using a web service with Python httplib2 Http inside a loop,1021012
1021008,Avoid using a web service with Python urllib2 inside a loop,1021010
1021006,Avoid using a web service with Python urllib.request inside a loop,1021008
1021004,Avoid using a web service with Python aiohttp ClientSession inside a loop,1021006
1021002,Avoid using a web service with Python requests inside a loop,1021004
1021000,Avoid using a web service with Python httplib HTTPConnection inside a loop,1021002
140859,Avoid providing password in Web Service URL,1020950
1020922,Always unsubscribe events in Angular onDestroy method,1020928
1020894,Avoid string interpolations to prevent SQL injections (TypeScript),1020926
1020892,Avoid using net.Socket object as stream with vulnerable version of Node.js (TypeScript),1020924
1020891,Avoid bypassing self-signed ssl certificate with Node.js (TypeScript),1020922
1020890,Avoid disabling SSL verification in node-curl (TypeScript),1020920
1020888,Avoid using Node.js query-mysql third-party (TypeScript),1020918
1020887,Avoid using Buffer library and UCS-2 encoding with vulnerable versions (TypeScript),1020916
1020884,Avoid using Buffer.fill() and/or Buffer.alloc() with vulnerable nodejs versions (TypeScript),1020914
1020883,Avoid using HTTP/2 library with vulnerable nodejs versions (TypeScript),1020912
1020882,Avoid using path library parsing functions with vulnerable nodejs versions (TypeScript),1020910
1020881,Avoid using the file path validation with Node.js 8.5.0 (TypeScript),1020908
1020880,Avoid using TLS library before Node.js 9.11.2 and 10.4.1 (TypeScript),1020906
1020879,Avoid using url.parse() with vulnerable nodejs versions (TypeScript),1020904
1020878,Ensure the Content-Security-Policy is activated with express (TypeScript),1020902
1020871,Avoid enabling unsecure Node.js (TypeScript),1020900
1020868,Avoid having multiple routes for the same path with Node.js Express App (TypeScript),1020898
1020862,Avoid using risky cryptographic hash with nodejs (TypeScript),1020896
1020860,Avoid using string concatenation when using nodejs __dirname and __filename variables (TypeScript),1020894
1020859,Ensure Node.js filesystem are closed (TypeScript),1020892
1020857,Ensure that CSRF Protection is enabled when using express (TypeScript),1020890
1020853,Avoid unsecure connection to the express Node.js server (TypeScript),1020888
1020854,Avoid using unsecured cookie with express (TypeScript),1020886
1020852,Ensure that browser cannot cache or store a page when using express (TypeScript),1020884
1020851,Ensure the express X-Frame-Options header is setup (TypeScript),1020882
1020850,Ensure the express X-Powered-By header is disabled (TypeScript),1020880
1020847,Avoid using nodejs process.exit() (TypeScript),1020876
1020846,Avoid the lack of error handling in the Node.js callbacks (TypeScript),1020874
1020843,Always use JSON.parse & JSON.stringify with try/catch block (TypeScript),1020872
1020841,Avoid using setTimeout() (TypeScript),1020870
1020838,Avoid creating cookie without setting httpOnly option (TypeScript),1020868
1020837,Avoid creating cookie with overly broad path (TypeScript),1020866
1020836,Avoid using unsecured cookie (TypeScript),1020864
1020835,Avoid having cookie with an overly broad domain (TypeScript),1020862
1020833,Avoid using setInterval() (TypeScript),1020860
1020832,Avoid empty componentDidCatch blocks (Typescript),1020858
1020831,Ensure catching Typescript error in React components,1020856
1020830,Avoid using React dangerouslySetInnerHTML (Typescript),1020854
1020829,"Avoid using ""<script>"" tag in HTML template used by React.js components (Typescript)",1020852
1020824,Always handle errors when using ajax with RxJS,1020850
1020822,Always favour pipable operators in RxJS,1020848
1020821,Avoid using ngFor loop without TrackBy option,1020840
1020820,Avoid using Rx.observable.fromEvent without having a debouncetime set,1020838
1020819,Avoid exporting namespaces,1020836
1020818,"Avoid using ""<script>"" tag into HTML template used by Angular Application",1020834
1020817,Avoid using javascript HTTP request in Angular Application,1020832
1020816,Avoid using Angular ElementRef API to manipulate DOM,1020830
1020815,Avoid String concatenation in loops (Typescript),1020828
1020813,Avoid hard-coded network resource names (Typescript),1020826
1020810,Avoid Superclass knowing Subclass (Typescript),1020824
1020812,Always provide error callbacks when subscribing to HttpClient observables,1020822
1020811,Avoid hard-coded passwords (TypeScript),1020820
1020814,Avoid disabling xsrf check in HttpClientXsrfModule,1020818
1020809,Avoid using output of the function that does not return anything,1020816
1020807,Avoid using web service calls inside a loop,1020814
1020806,Avoid invoking super more than once in constructor ,1020812
1020805,Avoid bypassing angular security trust ,1020810
1020804,Avoid using eval() (Typescript),1020808
1020803,Avoid using NaN in comparison ,1020806
1020802,Avoid using console logging ,1020804
1020801,Avoid having errors without throwing them ,1020802
1020800,Avoid jump statements in finally ,1020800
1020144,Avoid using moment before 2.19.3 with Node.js,1020788
1020142,Avoid using serialize-to-js 0.5.0 with Node.js,1020786
1020140,Avoid using node-serialize 0.0.4 with Node.js,1020784
1020139,Avoid using Buffer deprecated APIs,1020782
1020138,Avoid using Node.js synchronous FileSystem API without try/catch block,1020780
1020126,Avoid Javascript string interpolations to prevent SQL injections,1020772
1020124,Avoid using Node.js query-mysql third-party before 0.0.3,1020770
1020122,Avoid using net.Socket object as stream with vulnerable version of Node.js,1020768
1020120,Avoid using Node.js ps library with vulnerable versions,1020766
1020118,Avoid using path library parsing functions with vulnerable versions,1020764
1020116,Avoid using url.parse() with vulnerable versions,1020762
1020115,Avoid using Buffer library and UCS-2 encoding with vulnerable versions,1020760
1020113,Avoid using Buffer.fill() and/or Buffer.alloc() with vulnerable versions,1020758
1020109,Avoid using the file path validation with Node.js 8.5.0,1020750
1020103,Avoid using the call of data service with Node.js inside a loop,1020748
1020099,Avoid using HTTP/2 library with vulnerable versions,1020746
1020098,Avoid using TLS library before Node.js 9.11.2 and 10.4.1,1020744
1020091,Avoid creating cookie with overly broad domain (Node.js),1020742
1020090,Avoid creating cookie with overly broad path (Node.js),1020740
1020088,Avoid disabling SSL verification in node-curl,1020738
1020087,Avoid bypassing self-signed ssl certificate (Node.js),1020736
1020084,Avoid using unsecured cookie (Node.js),1020734
1020083,Avoid using risky cryptographic hash (Node.js),1020732
1020071,Ensure Node.js filesystem are closed,1020730
1020070,Avoid creating cookie without setting httpOnly option (Node.js),1020728
1020066,Ensure that CSRF Protection is enabled (Node.js),1020726
1020068,Ensure that marked is sanitized,1020724
1020064,Avoid enabling unsecure Node.js server,1020722
1020063,Avoid unsecure connection to the Node.js server,1020720
1020062,Ensure that browser cannot cache or store a page,1020718
1020060,Avoid using the call of web service with Node.js http.get or http.request inside a loop,1020716
1020059,Avoid having multiple routes for the same path with Node.js Express App,1020714
1020058,Ensure the X-Frame-Options header is setup (Node.js),1020712
1020057,Ensure the X-XSS-Protection header is enabled,1020710
1020056,Ensure the X-Powered-By header is disabled,1020708
1020054,Ensure the Content-Security-Policy is activated (Node.js),1020706
1020053,Avoid using string concatenation when using __dirname and __filename,1020704
1020052,Avoid using nodejs process.exit(),1020702
1020051,Avoid the lack of error handling in the Node.js callbacks,1020700
1020495,"Avoid using ""jQuery.sap.storage.Type.local""",1020618
1020494,Create Keys for CRUD Statements (SAPUI5),1020616
1020493,Prefer using sap.base.Log Instead of console.log (SAPUI5),1020614
1020492,Don't override or add control methods (SAPUI5),1020612
1020491,Avoid declaring same OData model twice,1020610
1020490,"Avoid using Controls Hardcoded IDs inside a Controller, Component or JSView (SapUI5)",1020608
1020489,Prefer using Asynchronous Loading,1020606
1020193,Avoid unnamed OData model,1020604
1020488,"Avoid using ""sap.ui.model.odata.ODataModel"" as deprecated in version: SAPUI5 1.48",1020602
1020486,"Avoid using namespace ""jQuery.sap.*"" as deprecated ( SAPUI5)",1020600
1020530,Avoid creating cookie with overly broad path (AngularJS),1020558
1020529,Avoid creating cookie with overly broad domain (AngularJS),1020556
1020527,Avoid using unsecured cookie (AngularJS),1020554
1020526,Avoid enabling dangerous protocols in whitelist APIs,1020552
1020525,"Avoid using ""ng-repeat"" loop without ""track by"" option",1020550
1020523,Avoid disabling withCredentials option for the httpProvider,1020548
1020522,Avoid using unsanitized AngularJS application,1020546
1020521,Avoid disabling Strict Contextual Escaping (SCE) when created,1020544
1020520,Enable Content Security Policy when creating an AngularJS application,1020542
1020519,Avoid using $http success and error function,1020540
1020518,Avoid wrapping angular.element objects with jQuery or $,1020538
1020517,"Avoid using $ or jQuery, use angular.element instead",1020536
1020515,Avoid using a web service with AngularJS $resource inside a loop,1020534
1020514,Avoid using !angular.isUndefined() and !angular.isDefined() in AngularJS application,1020530
1020513,Avoid using Javascript Regexp typecheck in AngularJS application,1020528
1020512,Avoid using Javascript Number typecheck in AngularJS application,1020526
1020511,Avoid using Javascript Object typecheck in AngularJS application,1020524
1020510,Avoid using Javascript String typecheck in AngularJS application,1020522
1020509,Avoid using Javascript Function typecheck in AngularJS application,1020520
1020508,Avoid using Javascript Date typecheck in AngularJS application,1020518
1020507,Avoid using Javascript Array typecheck in AngularJS application,1020516
1020506,Only use the angular.isUndefined or angular.isDefined methods in AngularJS application,1020514
1020505,Use Angular wrapper service $timeout,1020512
1020504,Use Angular wrapper service $window,1020510
1020503,Use Angular wrapper service $document,1020508
1020502,Avoid using $scope in controllers,1020506
1020501,Avoid using the call of web service with AngularJS $http inside a loop,1020504
1020002,Avoid the use of JSON.parse and JSON.stringify in AngularJS web app,1020502
1020000,Avoid the use of the default JavaScript implementation [].forEach in AngularJS web app,1020500
1020137,Avoid using unsecured cookie (React.js),1020458
1020107,"Avoid using ""<script>"" tag in HTML template used by React.js components",1020456
1020104,Avoid using React dangerouslySetInnerHTML,1020454
1020102,Avoid empty componentDidCatch blocks,1020452
1020101,Ensure catching Javascript error in React components,1020450
1020325,Avoid empty jQuery ajax error/fail blocks,1020342
1020324,Always implement the success/error/complete or done/fail/always callbacks when using jQuery ajax call,1020340
1020323,Avoid using Tooltip widget with jQuery UI version older than 1.10.0,1020338
1020322,Avoid using Dialog Widget with jQuery UI version older than 1.10.0,1020336
1020320,Avoid using attr() with jQuery 3.0.0-rc1,1020334
1020319,Avoid using .append() after() with jQuery 1.4.2 (or older),1020332
1020318,Avoid using $(location.hash) with jQuery version older than 1.6.3,1020330
1020321,Avoid using html() with jQuery 1.9.0 (or older),1020328
1020315,Avoid using dialog with closeText parameter with jQuery UI version older than 1.12,1020324
1020314,Avoid using Ajax method without dataType with jQuery version older than 3.0.0,1020322
1020313,Avoid using jQuery $.cookie,1020320
1020311,Avoid using jQuery deprecated methods,1020318
1020310,Avoid Universal Selectors,1020316
1020309,Avoid using css() of many elements,1020314
1020308,Avoid use of anonymous functions to attach events,1020312
1020307,"Use ""type="" to select elements by type",1020310
1020306,Always cache the returned objects in variables to be reused,1020308
1020305,Always use find for Id->Child nested selectors,1020306
1020302,Avoid using element type in jQuery,1020302
1020300,Avoid using the call of web service jQuery ajax inside a loop,1020300
1020903,Avoid using the call of web service inside a loop (VueJS),1020224
1020902,Avoid creating cookie with overly broad domain (Vue.js),1020222
1020901,Avoid creating cookie with overly broad path (Vue.js),1020220
1020899,Avoid using unsecured cookie (Vue.js),1020218
1020886,Ensure to turn off and clear event listeners after component is destroyed,1020214
1020885,Avoid changing parent properties from child components using $parent,1020212
1020866,Avoid using v-show directive inside templates,1020210
1020869,Avoid using v-if on the same element as v-for,1020208
1020873,Avoid using v-for without key,1020206
1020874,Avoid <textarea> with v-model having child elements,1020204
1020876,Avoid getter functions of computed properties that do not return any value,1020202
1020863,Always have data property as a function that returns an object,1020200
1020152,Avoid dangerous file inclusion (JSTL) (Javascript/HTML5),1020108
1020151,Avoid hidden form fields to prevent parameter tampering (Javascript/HTML5),1020106
1020112,Avoid hard-coded passwords (Javascript),1020104
1020105,Always use JSON.parse & JSON.stringify with try/catch block (Javascript),1020102
1020095,Avoid having cookie with an overly broad domain (Javascript),1020100
1020094,Avoid creating cookie with overly broad path (Javascript),1020098
1020085,Avoid using unsecured cookie (Javascript),1020096
1020080,Avoid creating cookie without setting httpOnly option (Javascript),1020094
1020076,Avoid using setInterval() (Javascript),1020080
1020075,Avoid using setTimeout() (Javascript),1020078
1020048,"Avoid enabling autocomplete ""on"" for inputs/forms",1020074
1020047,Avoid direct access to Database Tables in Javascript,1020072
1020046,Avoid hard-coded network resource names (Javascript),1020070
1020045,Avoid return statement in finally block (Javascript),1020068
1020042,Avoid using Javascript Function constructor,1020066
1020041,Avoid Superclass knowing Subclass (Javascript),1020064
1020040,Avoid using non thread-safe Javascript singleton pattern,1020062
1020039,Avoid using console.log() (Javascript),1020060
1020037,Avoid using eval() (Javascript),1020058
1020034,Avoid using Javascript Document.all collection,1020056
1020033,Avoid using delete on arrays,1020054
1020032,Avoid using import with external URI,1020052
1020031,"Avoid white-listing the ""dirname"" attribute in user generated content",1020050
1020030,Avoid using source tag in video/audio with event handler,1020048
1020029,Avoid using oninput in body containing input autofocus,1020046
1020028,Avoid using setData in ondragstart with attribute draggable set to true,1020044
1020027,Avoid having iframe inside a tag,1020042
1020026,Avoid using delete with no object properties,1020040
1020025,Avoid defining and calling functions inside loops,1020038
1020024,Avoid using onscroll event with autofocus input,1020036
1020023,Avoid hosting HTML code in iframe srcdoc,1020034
1020022,Avoid using video poster attributes in combination with javascript,1020032
1020021,Avoid using javascript or expression in the CSS file,1020030
1020020,Avoid using autofocus and onblur in submitted markup,1020028
1020019,Avoid using autofocus and onfocus in submitted markup,1020026
1020018,"Avoid using submit markup related to ""form"" with id attribute",1020024
1020017,"Avoid using submitted markup containing ""form"" and ""formaction"" attributes",1020022
1020014,Avoid blocking page loading with synchronous Javascript import,1020020
1020013,Avoid using Web SQL databases,1020018
1020012,Avoid using too much dot notation in loop,1020016
1020011,Avoid using a web service with XMLHttpRequest inside a loop,1020014
1020009,Avoid using a web service with WebSocket inside a loop,1020012
1020008,Avoid using forEach(),1020010
1020007,Avoid using for-in loop,1020008
1020006,Avoid calling a function in a termination loop (Javascript),1020006
1020005,Avoid using querySelectorAll,1020004
1019178,Avoid 'ServiceContract' without any operation contract,1019018
1019177,Avoid having the property IncludeExceptionDetailInFaults activated in the source code,1019016
1019160,Avoid message security without authentication for an anonymous client,1019012
1019158,Avoid disabling authentication mode messages when using MSMQ transport security,1019010
1019156,Avoid not enabling throttling while setting service behavior,1019008
1019154,Avoid wrong suppressAuditFailure and serviceAuthorizationAuditLevel parameters when enabling WCF service security audit feature,1019006
1019152,Avoid to set client credential type other than Certificate or Windows when using message mode,1019004
1019147,Always separate service contracts from service implementation.,1019000
1018043,Avoid JDBC Connections having password type as string (TIBCO BW),1018864
1018041,JDBC connection must use Global variable for username and password parametrization of database url (TIBCO BW),1018862
1012011,Do not use MONMSG CPF0000 without EXEC  (CL400),1012026
1012016,Avoid use of OPNQRYF  (CL400),1012024
1012015,Avoid use of *NOMAX  (CL400),1012022
1012014,Avoid use of RCLRSC  (CL400),1012020
1012013,Avoid use of DLYJOB  (CL400),1012018
1012017,Avoid locking object by ALCOBJ command    (CL400),1012014
1009063,Avoid defining File Disk if not used  (RPG300),1009126
1009046,"Avoid using plain END statement, use the explained END statement like ENDIF, ENDDO, etc  (RPG300)",1009098
1009062,Specify Error Subroutine for File Exception Handling  (RPG300),1009074
1009047,Avoid Subroutines with nested if Statements  (RPG300),1009034
1008046,Avoid defining File Disk if not used  (RPG400),1008126
1008062,Avoid using GOTO statement in RPG artifact (RPG400),1008108
1008078,Avoid obsolete L-spec (RPG400),1008106
1008079,Avoid obsolete E-spec (RPG400),1008104
1008076,Avoid using I-spec (RPG-IV only)  (RPG400),1008102
1008077,Avoid using O-spec; use Printer Files instead (RPG400),1008100
1008075,"Use the corresponding END statement such as ENDIF, ENDDO instead of plain END statement (RPG400)",1008098
1008086,Use QUALIFIED data structures (RPG400),1008096
1008067,"Avoid using obsolete ""Call Operations"" statements in RPG Programs (RPG-IV only)  (RPG400)",1008092
1008070,"Avoid using obsolete ""Bit Operations"" statements in RPG Programs  (RPG400)",1008090
1008069,"Avoid using obsolete ""Definition/Allocation/Array Operations"" statements in RPG Programs (RPG-IV only)  (RPG400)",1008088
1008068,"Avoid using obsolete ""Date Operations"" statements in RPG Programs (RPG-IV only)  (RPG400)",1008086
1008066,"Avoid using obsolete ""Conditional Operations"" statements in RPG Subroutines (RPG-IV only)  (RPG400)",1008084
1008065,"Avoid using obsolete ""Assignment Operations"" statements in RPG Programs (RPG-IV only)  (RPG400)",1008082
1008063,"Avoid using obsolete ""String Operations"" statements in RPG Programs (RPG-IV only)  (RPG400)",1008080
1008064,"Avoid using obsolete ""Arithmetic Operations"" Statement in RPG Programs (RPG-IV only)  (RPG400)",1008078
1008045,Specify Error Subroutine for File Exception Handling  (RPG400),1008074
1008071,Avoid Subroutines with nested IF  statements  (RPG400),1008034
141199,Avoid calculated fields in WHERE-clauses and ON-clauses of CDS views (S4/HANA),8568
141198,Avoid cyclic references in the definition of CDS views (S4/HAHA),8566
141179,Avoid using XML PARSE without 'VALIDATING',8558
141178,'XML GENERATE' should be used with 'WITH ENCODING',8556
141173,Avoid using ABAP command OPEN DATASET with the FILTER addition,8552
141171,Avoid using ABAP command GENERATE SUBROUTINE POOL,8550
141170,Avoid using ABAP command INSERT REPORT,8548
141169,Avoid using ABAP command CALL 'SYSTEM',8546
141030,Avoid using PREPARE STMT statement (Dynamic SQL) with STRING containing HOST variables,8480
141024,"Avoid Buffer Overruns when using ADD, SUBTRACT, MULTIPLY, DIVIDE & COMPUTE statement inside a loop",8478
141021,Avoid calling unsafe C library functions from COBOL,8476
141009,Avoid using STRING without overflow check,8470
141006,Program semantic should respect the logic of flow execution,8468
140946,Avoid Cross-Client Database Access using Open SQL statements with CLIENT SPECIFIED/USING CLIENT addition,8432
140940,Avoid using hard-coded seed or no seed at all for random values generation,8430
140939,Authorization check should be done before calling a transaction,8428
140937,"Avoid calling database commands directly using system functions as ""C_DB_EXECUTE"" and ""C_DB_FUNCTION""",8426
140933,Avoid Using COMMIT WORK or ROLLBACK WORK during update work process,8422
140915,"""CX_ROOT"" should not be used in TRY .. CATCH.. ENDTRY block",8412
140791,All types of a serializable class must be serializable,8402
140794,Avoid having lock on this object,8400
140807,Avoid using hard-coded values,8236
140773,"Avoid using deprecated method, constructor, field, type or package",8220
140764,DEPRECATED: Content type should be checked when receiving a HTTP Post,8218
140746,Avoid using incompatible mutation,8216
140739,Avoid operating on resource after expiration or release,8214
140760,CICS return code should be checked,8162
140737,Check PCB status code after DLI queries,8160
140774,Avoid thread creation for application running on application server,8158
140779,Persistent classes should implement GetHashCode() and Equals(),8156
140755,Avoid using GC.Collect(),8154
140761,Avoid having transaction with the Thread.Sleep method in a loop,8152
140759,Avoid using Parse for primitive types and used instead TryParse,8150
140747,Avoid artifacts having Incorrect Type Conversion or Cast,8148
140734,Avoid calling programs statically,8146
140728,Avoid using INITIALIZE statement on data structures,8144
140650,Prefer using indexes instead of subscripts,8142
140692,Subscripts and iterators must be defined with BINARY usage,8140
140666,CDI Beans with normal scope must be proxyable to avoid runtime errors,8136
140636,Avoid unsorted data after SELECT queries,8134
141226,"Avoid using CHECK, EXIT,or RETURN in SELECT ... ENDSELECT loops",8132
140629,Avoid using database hints,8130
140627,Avoid using empty SELECT ... ENDSELECT loop,8126
140626,Do not use function module DB_EXISTS_INDEX (HANA),8124
140611,Avoid using CALL METHOD without error handling,8122
140610,Avoid using CALL FUNCTION without error handling,8120
140609,Avoid using the RFC_ABAP_INSTALL_AND_RUN function,8118
140608,Avoid calling system function (CALL 'cfunc'),8116
140556,Avoid data corruption during incompatible mutation (ABAP),8114
140550,Avoid improper processing of the execution status of data handling operations,8112
140388,Avoid missing release of stream connection after an effective lifetime,8108
139935,Avoid empty IF-ENDIF blocks,8106
140384,Avoid missing release of SQL connection after an effective lifetime (JEE),8104
141062,Avoid hardcoded network resource names (JEE),8102
140381,Blocking synchronous calls should have associated timeouts,8100
140377,Avoid testing floating point numbers for equality,8096
140343,Avoid locking of Objects with weak identities,8094
140346,Avoid Objects having exposed pointers allowed to access unmanaged memory,8092
140338,Avoid using NaN to test the result of an expression,8090
140339,Avoid override artifacts not having link demands identical to base,8088
140334,Avoid types that own disposable fields and are not disposable,8086
140205,Avoid exists independent clauses,8080
139990,Casting from pointer to base Class to pointer to derived Class should be done through 'dynamic_cast' or 'static_cast',8078
139967,"Avoid using 'new[]', prefer 'std::vector' or 'std::array'",8076
139619,Avoid using 'class' or 'struct' parameters with variadic Functions,8074
139828,Never define collection of 'std::auto_ptr',8072
139921,Do not alter a control variable in the body of a 'for' statement,8070
139948,Do not return a dereferenced pointer allocated inside the function,8068
139941,Avoid using 'using namespace' or 'using' declarations in header files,8066
139934,Assignment operator should assign all non-static members of the target object,8064
139925,"An unconditional 'throw', 'return' or 'break' shall terminate every non-empty switch-clause",8062
139940,A pointer to a base Class shall only be cast to a pointer to a derived Class by means of 'dynamic_cast',8060
139942,A pointer to a derived Class shall only be cast implicitly to a pointer to base Class,8058
139977,Method override fails due to mismatch of const/volatile qualifiers,8056
139945,Avoid calling blocking functions with an infinite timeout,8054
139968,Avoid setting a pointer to the address of a local variable defined in a lower scope,8052
139869,Do not hide declarations in other scopes,8050
139863,Invoke 'delete' with the same form as the matching 'new',8048
139862,Do not return non-const handles to Class data from const member Functions,8046
141026,Struts 2: Avoid Action Fields without Validation,8040
139414,Working-Storage variables must be initialized before being read,8034
139405,Check alphanumeric data before moving it into numeric data,8030
139396,Avoid Classes with an assignment operator and the default Destructor or copy constructor,8026
139397,Avoid Classes with a non-empty Destructor and the default assignment operator or copy Constructor,8024
139392,Avoid unchecked return code (SY-SUBRC) after AUTHORITY-CHECK,8014
139391,Avoid unchecked return code (SY-SUBRC) after opening and reading dataset,8012
139907,"Do not overload the ampersand, comma, logical AND or logical OR operators",8010
139313,Avoid Classes with a copy Constructor and the default Destructor or assignment operator,8006
139312,Avoid using 'delete this',8004
139311,Never perform C-style cast between incompatible Class pointers,8002
139310,Avoid 'catch-all' statement,8000
139309,Avoid local variables that are not initialized at declaration time,7998
139110,Provide a private default Constructor for utility Classes or use free Functions in a Namespace,7996
139851,Avoid using getopt() function,7994
139852,Avoid using getpass() function,7992
139853,Avoid using realpath() function,7990
139855,DEPRECATED: Avoid using snprintf() function family,7988
139856,Avoid using streadd() function,7986
139857,Avoid using strecpy() function,7984
139858,Avoid using strlen() function family,7982
139859,Avoid using strtrns() function,7980
139860,Avoid using the scanf() function family,7978
139962,Never use gets() function,7976
155131,Never use sprintf() or vsprintf() functions,7972
155127,Never use strcpy() function (C/C++),7970
155129,Never use strcat() function (C/C++),7968
140998,Avoid directly instantiating a Class used as a managed bean,7964
139285,Do not mix Ansi joins syntax  with Oracle proprietary joins syntax in the same query,7948
139284,Avoid queries using old style join convention  instead of ANSI-Standard joins,7946
139106,Override all overloads of a base Class virtual Method,7938
139105,Avoid Constructors not supplying an initial value for all non-static data members,7932
139107,Avoid redeclaring and overriding Methods with different default parameter values,7930
139103,Abstract Classes should be non copy-assignable,7926
139104,Avoid defining Functions with 'struct' or 'class' parameters passed by value,7924
139109,Avoid usage of 'std::find_first_of',7922
139146,Avoid testing specific values for SY-UNAME,7906
139133,"Avoid using LOOP INTO, use LOOP ASSIGNING instead",7894
139140,Web Dynpro - Avoid changing the program flow,7892
139112,Web Dynpro - Never use INCLUDE statement,7890
139144,"Web Dynpro - Never use direct calls to routine via ""me->"", use ""wd_This->"" instead",7888
139128,Avoid using SYSTEM-CALL,7886
140984,Avoid using Native SQL,7882
139138,Avoid nested loops,7880
139126,Avoid Open SQL SELECT queries without WHERE condition,7878
139125,Avoid using SELECT ... FOR UPDATE,7876
139121,Avoid using dynamic queries,7874
139127,Avoid using IS [NOT] NULL in WHERE condition,7872
139114,Avoid using the NOT LIKE operator in WHERE clauses,7870
139134,Avoid Open SQL queries in loops,7868
138990,Avoid SELECT ... BYPASSING BUFFER,7866
138908,Avoid using READ statement without AT END clause or INVALID KEY clause,7756
138996,Avoid using COMPUTE statement for elementary arithmetic operation,7754
140920,Always use declarative transaction,7730
141185,Avoid thread creation for application running on application server,7728
141044,Overriden equals() Methods in persistent Subclasses should only reference properties from the persistent base Class,7724
141041,Avoid using persistent class's identifier in equals() method,7722
139145,Sections and paragraphs should be located after the first statement calling them,7718
140919,Avoid using auto-wiring,7714
140927,Avoid table and column names that are too long (portability),7706
138998,Files should be declared with a FILE-STATUS,7698
139564,A Copybook should not include other Copybooks,7696
139369,Avoid calling the same paragraph with PERFORM and GO TO statements,7694
139171,Each opened file must be closed,7692
138995,Avoid unchecked return code (SQLCODE) after EXEC SQL query,7690
138594,Never truncate data in MOVE statements,7688
140983,Avoid using EXIT statement in Include,7672
139394,Avoid accessing SAP standard Tables in modification from custom code,7670
141048,Avoid database tables associated to more than one Hibernate Entity,7654
140954,Avoid throwing an exception in a catch block without chaining it,7652
141019,All types of a serializable Class must be serializable,7650
141053,Prefer using version number instead of timestamp for Hibernate Entity,7636
140981,"Avoid using ""SELECT DISTINCT"", use DELETE-ADJACENT",7594
140980,"Avoid using ""ORDER BY"" in SELECTS",7592
138907,Avoid accessing data by using the position and length,7558
138994,Never use incompatible statements with the CICS environment,7548
140979,Avoid using SELECT ... ENDSELECT statement,7544
139831,Avoid using FOR ALL ENTRIES IN without emptiness check,7542
140978,DEPRECATED: Avoid using SELECT ... INTO CORRESPONDING FIELDS OF,7538
140975,Avoid using AT Events in combination of LOOP AT .... WHERE constructs,7536
139163,Avoid READ TABLE without BINARY SEARCH,7534
140974,Avoid nested SELECT ... ENDSELECT statements,7532
140973,"Avoid ""SELECT *"" or ""SELECT SINGLE *"" queries",7530
140970,Never use the ON CHANGE OF statement,7528
140907,Avoid using hard-coded paths,7526
140969,Avoid using BREAK or BREAK-POINT statement,7524
141225,Avoid unchecked return code (SY-SUBRC) after OPEN SQL or READ statement,7520
140613,Avoid missing WHEN OTHERS in CASE statements,7518
140792,DEPRECATED: Use only Hibernate API to access to the database,7510
141039,equals() and hashCode() should be defined for Hibernate/JPA component,7506
140963,Persistent classes should Implement hashCode() and equals(),7504
141412,Never use an array to map Hibernate collection,7502
141031,Persistent class method's equals() and hashCode() must access its fields through getter methods,7494
140999,Avoid Hibernate and JPA Entities using many-to-many association.,7492
140861,Avoid double checked locking for JSE 4.x and previous version,7446
5008,Avoid to use keyword 'this' within Constructor in multi-thread environment,7442
139939,Avoid having suspicious similar method names or signatures in an inheritance tree,7440
141140,Ensure to override both equals() and hashCode(),7434
141192,Struts1: Avoid Action Form Field without Validator,7416
140055,Avoid Tables without a clustered Index,7386
139321,Avoid using inline PERFORM with too many lines of code,7370
139045,"When using binary data items (COMP), then use the SYNCHRONIZED clause",7368
138991,File descriptor block must be defined with 0 record,7366
138354,Avoid calling properties that clone values in loops,7352
139844,Avoid functions overriding virtual functions without having the 'virtual' keyword,7342
139839,Avoid Classes with Destructor not explicitly virtual whenever one of its base Class has a virtual Destructor,7340
138949,IF statements must be closed by END-IF,7304
139166,Avoid using Pointers,7302
139861,Never define static variables in header files,7296
139335,Avoid unreferenced Sections and Paragraphs,7290
139122,Avoid cyclic calls with PERFORM statements,7288
138589,Avoid GOTO jumps out of PERFORM range,7274
140964,Provide a private default Constructor for utility Classes (.NET),7272
140693,Methods that do not use instance fields\methods should be static (.NET),7270
141177,Provide a private default Constructor for utility Classes,7256
141194,Declare as Static all methods not using instance members,7254
140796,Avoid String initialization with String object (created using the 'new' keyword),7250
139139,Avoid recursive calls with PERFORM statements,7236
138950,EVALUATE statements must be closed by END-EVALUATE,7234
140007,DEPRECATED: Avoid Unused Imports,7220
139020,Avoid OPEN/CLOSE inside loops,7218
140971,Avoid using '==' and '!=' to compare objects,7202
140948,Avoid String concatenation in loops,7200
141326,Avoid using Struts Form that cannot extend Validator Class,7192
141028,Struts Action artifacts should not directly call a JSP page,7140
138900,Avoid using GOTO statement (COBOL),5144
139322,Avoid undocumented Paragraphs,5116
139323,Avoid undocumented Sections (COBOL),5112
138902,Avoid using MOVE CORRESPONDING ... TO ...,5094
138959,Include a WHEN OTHER clause when using EVALUATE,5092
138948,Avoid using NEXT SENTENCE,5090
138909,Avoid using Sections in the PROCEDURE DIVISION (use Paragraphs only),5086
138904,Avoid Procedure Sections that contain no Paragraph,5082
139222,Avoid Procedure Paragraphs that contains no statements,5080
138947,Avoid DISPLAY ... UPON CONSOLE,5072
138906,Avoid using PERFORM ... THROUGH | THRU,5066
138899,Avoid using ALTER,5062
138901,Avoid using MERGE,5060
138910,Avoid using SORT,5058
138951,Using SEARCH ALL only with sorted data,5056
138953,Avoid using HANDLE ABEND,5054
138955,Avoid using IGNORE CONDITION,5052
138954,Avoid using HANDLE CONDITION,5050
140531,Avoid using Hashtable,4706
140899,Avoid using 'Throwable.printStackTrace()' with no argument,4702
141165,Public Methods must have appropriate JavaDoc @return tags,4674
141164,Public Methods must have appropriate JavaDoc @param tags,4672
141163,Public Methods must have JavaDoc comments,4670
140947,Avoid using Fields (non static final) from other Classes,4602
141342,Avoid using Exit and Halt Methods on a Web/Application Server,4600
140910,Avoid hiding static Methods,4592
140694,Collection interfaces should be used as method return types instead of their implementation classes,4578
137335,Avoid declaring VB Variables without typing them (.NET),3610
140268,Pages should use error handling page,2232
139854,Avoid using signals management Functions,1074
139850,Avoid using memory management Functions (free/malloc/realloc),1072
139846,Never throw an exception from a Destructor,678
139881,Avoid data members that are not private,630
139841,Avoid invocation of virtual Methods of the declared Class in a Constructor or Destructor,628
139833,Avoid base Classes without virtual Destructors,620
140860,Ensure you provide a user-defined copy constructor or disable copy when a class allocates memory in its constructor,592
139847,Avoid using global objects in Constructors and Destructors,590
139836,Avoid Classes with at least one virtual Function and without a virtual Destructor,584
139838,Avoid Classes with multiple inheritance,578
