typnam,concept
ASMZOSProgram,Program
ASM_MACRO,Macro
AbapClass,Class
AbapClassPool,Class Grouping
AbapConstructor,Class Constructor
AbapEvent,Event Handling
AbapEventMethod,Function
AbapInterface,Class
AbapInterfacePool,Class Grouping
AbapMember,Variable
AbapMethod,Function
BO_CLASS,Class
BO_DATA_FILE,File
BO_DATA_OLAP,Data Inbound
BO_DATA_PROC,Data Inbound
BO_DATA_PROVIDER,Data Inbound
BO_DATA_SQL,Data Inbound
BO_DATA_VBA,Data Inbound
BO_DATA_XML,Data Inbound
BO_DOCUMENT,File
BO_LISTOFVALUE,UI
BO_OBJECT_DET,UI
BO_OBJECT_DIM,UI
BO_OBJECT_IND,UI
BO_REPORT,Data Outbound
BO_UNIVERSE,Package
BO_WEBI_DOCUMENT,File
CAST_ABAP_ConstantAbapMember,Variable
CAST_ABAP_FileLevelCodeUnit,File
CAST_ABAP_Package,Package
CAST_ABAP_SAPModule,Class Grouping
CAST_ABAP_SAPTableColumn,Table Column
CAST_ABAP_SAPTableForeignKey,SQL Key
CAST_ABAP_SAPTableIndex,Index
CAST_ABAP_SAPTablePrimaryKey,SQL Key
CAST_ABAP_SAPUnresolvedTable,Table
CAST_ANSISQL_UnresolvedColumn,Table Column
CAST_ASETSQL_DML_Trigger,Trigger
CAST_ASETSQL_Database,Storage
CAST_ASETSQL_ExternalDatabase,Storage
CAST_ASETSQL_ExternalInstance,Schema
CAST_ASETSQL_ExternalSchema,Schema
CAST_ASETSQL_ForeignKeyConstraint,SQL Key
CAST_ASETSQL_Index,Index
CAST_ASETSQL_Instance,Schema
CAST_ASETSQL_JFunction,Database Function
CAST_ASETSQL_PrimaryKeyConstraint,SQL Key
CAST_ASETSQL_Procedure,Procedure
CAST_ASETSQL_RelationalTable,Table
CAST_ASETSQL_Schema,Schema
CAST_ASETSQL_TableColumn,Table Column
CAST_ASETSQL_UniqueConstraint,SQL Key
CAST_ASETSQL_View,View
CAST_ASETSQL_ViewColumn,Table Column
CAST_AWSDotNet_AWS_Lambda_Call,Cloud Function Invocation
CAST_AWSDotNet_Email,Data Outbound
CAST_AWSDotNet_Lambda,Cloud Function
CAST_AWSDotNet_Lambda_Function_ANY,Exposed Web Services
CAST_AWSDotNet_Lambda_Function_DELETE,Exposed Web Services
CAST_AWSDotNet_Lambda_Function_GET,Exposed Web Services
CAST_AWSDotNet_Lambda_Function_POST,Exposed Web Services
CAST_AWSDotNet_Lambda_Function_PUT,Exposed Web Services
CAST_AWSDotNet_PostHttpRequestService,Web Services Call
CAST_AWSDotNet_S3_Bucket,Cloud FileStorage
CAST_AWSDotNet_S3_Region,Configuration
CAST_AWSDotNet_SMS,Data Outbound
CAST_AWSDotNet_SNS_Publisher,Message Queue Publisher
CAST_AWSDotNet_SNS_Subscriber,Message Queue Subscriber
CAST_AWSDotNet_SNS_Unknown_Publisher,Message Queue Publisher
CAST_AWSDotNet_SNS_Unknown_Subscriber,Message Queue Subscriber
CAST_AWSDotNet_SQS_Publisher,Message Queue Publisher
CAST_AWSDotNet_SQS_Receiver,Message Queue Subscriber
CAST_AWSDotNet_SQS_Unknown_Publisher,Message Queue Publisher
CAST_AWSDotNet_SQS_Unknown_Receiver,Message Queue Subscriber
CAST_AWSDotNet_Unknown_AWS_Lambda_Call,Cloud Function Invocation
CAST_AWSDotNet_Unknown_S3_Bucket,Cloud FileStorage
CAST_AWSDotNet_Unknown_S3_Region,Configuration
CAST_AWSJava_AWS_Lambda,Cloud Function
CAST_AWSJava_AnyOperation,Exposed Web Services
CAST_AWSJava_DeleteOperation,Exposed Web Services
CAST_AWSJava_Email,Data Outbound
CAST_AWSJava_GetOperation,Exposed Web Services
CAST_AWSJava_PostHttpRequestService,Web Services Call
CAST_AWSJava_PostOperation,Exposed Web Services
CAST_AWSJava_PutOperation,Exposed Web Services
CAST_AWSJava_S3_Bucket,Cloud FileStorage
CAST_AWSJava_S3_Region,Configuration
CAST_AWSJava_SMS,Data Outbound
CAST_AWSJava_SNS_Publisher,Message Queue Publisher
CAST_AWSJava_SNS_Subscriber,Message Queue Subscriber
CAST_AWSJava_SNS_Unknown_Publisher,Message Queue Publisher
CAST_AWSJava_SNS_Unknown_Subscriber,Message Queue Subscriber
CAST_AWSJava_SQSReceiver,Message Queue Subscriber
CAST_AWSJava_SQS_Publisher,Message Queue Publisher
CAST_AWSJava_SQS_Receiver,Message Queue Subscriber
CAST_AWSJava_SQS_Unknown_Publisher,Message Queue Publisher
CAST_AWSJava_SQS_Unknown_Receiver,Message Queue Subscriber
CAST_AWSJava_Unknown_S3_Bucket,Cloud FileStorage
CAST_AWSJava_Unknown_S3_Region,Configuration
CAST_AWT_UI,UI
CAST_ActiveMQ_Java_QueueCall,Message Queue Publisher
CAST_ActiveMQ_Java_QueueReceive,Message Queue Subscriber
CAST_ActiveMQ_Python_QueueCall,Message Queue Publisher
CAST_ActiveMQ_Python_QueueReceive,Message Queue Subscriber
CAST_Android_Application,Application
CAST_Android_Button,UI
CAST_Android_CheckBox,UI
CAST_Android_DeleteResourceService,Web Services Call
CAST_Android_EditText,UI
CAST_Android_EventHandler,Event Handling
CAST_Android_Exposed_Activity,Service Interface
CAST_Android_Exposed_Receiver,Event Handling
CAST_Android_Exposed_Service,Service Interface
CAST_Android_ExternalStorage,Storage
CAST_Android_GetResourceService,Web Services Call
CAST_Android_GridView,UI
CAST_Android_Group,UI
CAST_Android_Intent_Resource,Storage
CAST_Android_InternalStorage,Storage
CAST_Android_Item,UI
CAST_Android_Kotlin_Application,Application
CAST_Android_Kotlin_Exposed_Activity,Service Interface
CAST_Android_Kotlin_Exposed_Receiver,Event Handling
CAST_Android_Kotlin_Exposed_Service,Service Interface
CAST_Android_Kotlin_ExternalStorage,Storage
CAST_Android_Kotlin_Fragment,File
CAST_Android_Kotlin_Intent_Resource,Storage
CAST_Android_Kotlin_InternalStorage,Storage
CAST_Android_Kotlin_Room_Entity,Data Entity
CAST_Android_Kotlin_SharedPreferences,Storage
CAST_Android_Kotlin_UI_XML_File,File
CAST_Android_Layout,UI
CAST_Android_LinearLayout,UI
CAST_Android_ListView,UI
CAST_Android_Menu,UI
CAST_Android_PostResourceService,Web Services Call
CAST_Android_PutResourceService,Web Services Call
CAST_Android_RelativeLayout,UI
CAST_Android_SharedPreferences,Storage
CAST_Android_Spinner,UI
CAST_Android_Switch,UI
CAST_Android_TextView,UI
CAST_Android_TimePicker,UI
CAST_Android_UI_XML_File,File
CAST_Android_UndefinedWidget,UI
CAST_Android_WebView,UI
CAST_AngularJS_Application,Application
CAST_AngularJS_Controller,Controller
CAST_AngularJS_DeleteHttpService,Web Services Call
CAST_AngularJS_DeleteResourceService,Web Services Call
CAST_AngularJS_Directive,Controller
CAST_AngularJS_DirectiveController,Controller
CAST_AngularJS_Factory,Controller
CAST_AngularJS_Function,Function
CAST_AngularJS_GetHttpService,Web Services Call
CAST_AngularJS_GetResourceService,Web Services Call
CAST_AngularJS_ModelFunction,Function
CAST_AngularJS_Module,Controller
CAST_AngularJS_PostHttpService,Web Services Call
CAST_AngularJS_PostResourceService,Web Services Call
CAST_AngularJS_PutHttpService,Web Services Call
CAST_AngularJS_PutResourceService,Web Services Call
CAST_AngularJS_Service,Web Services
CAST_ApacheCamel_ActiveMQ_QueueCall,Message Queue Publisher
CAST_ApacheCamel_ActiveMQ_Queue_Receive,Message Queue Subscriber
CAST_ApacheCamel_BeanCall,Service Invocation
CAST_ApacheCamel_DatabaseQuery,Data Query
CAST_ApacheCamel_File,File
CAST_ApacheCamel_FileCall,File
CAST_ApacheCamel_HTTP_AnyOperation,Exposed Web Services
CAST_ApacheCamel_HTTP_DeleteOperation,Exposed Web Services
CAST_ApacheCamel_HTTP_GetOperation,Exposed Web Services
CAST_ApacheCamel_HTTP_PostOperation,Exposed Web Services
CAST_ApacheCamel_HTTP_PutOperation,Exposed Web Services
CAST_ApacheCamel_IBM_QueueCall,Message Queue Publisher
CAST_ApacheCamel_IBM_QueueReceive,Message Queue Subscriber
CAST_ApacheCamel_JMS_QueueCall,Message Queue Publisher
CAST_ApacheCamel_JMS_QueueReceive,Message Queue Subscriber
CAST_ApacheCamel_Kafka_TopicCall,Message Queue Publisher
CAST_ApacheCamel_Kafka_TopicReceive,Message Queue Subscriber
CAST_ApacheCamel_ProcessCall,Service Invocation
CAST_ApacheCamel_RabbitMQ_TopicCall,Message Queue Publisher
CAST_ApacheCamel_RabbitMQ_TopicReceive,Message Queue Subscriber
CAST_ApacheCamel_Route,Message-Oriented
CAST_ApacheCamel_RouteCall,Message-Oriented
CAST_ApacheCamel_Unknown_ActiveMQ_QueueCall,Message Queue Publisher
CAST_ApacheCamel_Unknown_ActiveMQ_QueueReceive,Message Queue Subscriber
CAST_ApacheCamel_Unknown_IBM_QueueCall,Message Queue Publisher
CAST_ApacheCamel_Unknown_IBM_QueueReceive,Message Queue Subscriber
CAST_ApacheCamel_Unknown_JMS_QueueCall,Message Queue Publisher
CAST_ApacheCamel_Unknown_JMS_QueueReceive,Message Queue Subscriber
CAST_ApacheCamel_Unknown_Kafka_TopicCall,Message Queue Publisher
CAST_ApacheCamel_Unknown_Kafka_TopicReceive,Message Queue Subscriber
CAST_ApacheCamel_Unknown_RabbitMQ_TopicCall,Message Queue Publisher
CAST_ApacheCamel_Unknown_RabbitMQ_TopicReceive,Message Queue Subscriber
CAST_AspDotNet_AnyOperation,Exposed Web Services
CAST_AspDotNet_DeleteOperation,Exposed Web Services
CAST_AspDotNet_GetOperation,Exposed Web Services
CAST_AspDotNet_PostOperation,Exposed Web Services
CAST_AspDotNet_PutOperation,Exposed Web Services
CAST_AzureDotNet_AnyOperation,Exposed Web Services
CAST_AzureDotNet_Blob_Container,Cloud FileStorage
CAST_AzureDotNet_DeleteOperation,Exposed Web Services
CAST_AzureDotNet_EventHub_Publisher,Message Queue Publisher
CAST_AzureDotNet_EventHub_Receiver,Message Queue Subscriber
CAST_AzureDotNet_Function,Cloud Function
CAST_AzureDotNet_GetOperation,Exposed Web Services
CAST_AzureDotNet_PostOperation,Exposed Web Services
CAST_AzureDotNet_PutOperation,Exposed Web Services
CAST_AzureDotNet_ServiceBus_Publisher,Message Queue Publisher
CAST_AzureDotNet_ServiceBus_Receiver,Message Queue Subscriber
CAST_AzureDotNet_SignalR_CallTo_Hub_Method,Service Invocation
CAST_AzureDotNet_SignalR_CallTo_Unknown_Hub_Method,Service Invocation
CAST_AzureDotNet_SignalR_Hub_Method,Service Interface
CAST_AzureDotNet_Unknown_Blob_Container,Cloud FileStorage
CAST_AzureDotNet_Unknown_EventHub_Publisher,Message Queue Publisher
CAST_AzureDotNet_Unknown_EventHub_Receiver,Message Queue Subscriber
CAST_AzureDotNet_Unknown_Function,Cloud Function
CAST_AzureDotNet_Unknown_ServiceBus_Publisher,Message Queue Publisher
CAST_AzureDotNet_Unknown_ServiceBus_Receiver,Message Queue Subscriber
CAST_AzureDotNet_Unknown_SignalR_Hub_Method,Service Interface
CAST_AzureDotNet_WebJobs,Cloud Function
CAST_AzureJava_AnyOperation,Exposed Web Services
CAST_AzureJava_Blob_Container,Cloud FileStorage
CAST_AzureJava_DeleteOperation,Exposed Web Services
CAST_AzureJava_EventHub_Publisher,Message Queue Publisher
CAST_AzureJava_EventHub_Receiver,Message Queue Subscriber
CAST_AzureJava_Function,Cloud Function
CAST_AzureJava_GetOperation,Exposed Web Services
CAST_AzureJava_PostOperation,Exposed Web Services
CAST_AzureJava_PutOperation,Exposed Web Services
CAST_AzureJava_ServiceBus_Publisher,Message Queue Publisher
CAST_AzureJava_ServiceBus_Receiver,Message Queue Subscriber
CAST_AzureJava_SignalR_CallTo_Hub_Method,Service Invocation
CAST_AzureJava_SignalR_CallTo_Unknown_Hub_Method,Service Invocation
CAST_AzureJava_Unknown_Blob_Container,Cloud FileStorage
CAST_AzureJava_Unknown_EventHub_Publisher,Message Queue Publisher
CAST_AzureJava_Unknown_EventHub_Receiver,Message Queue Subscriber
CAST_AzureJava_Unknown_Function,Cloud Function
CAST_AzureJava_Unknown_ServiceBus_Publisher,Message Queue Publisher
CAST_AzureJava_Unknown_ServiceBus_Receiver,Message Queue Subscriber
CAST_BO_Folder,Project
CAST_BPEL_Invoke,Service Invocation
CAST_BPEL_Process,Service Interface
CAST_BPEL_Receive,Exposed Web Services
CAST_Batch_Job,Run Service
CAST_Batch_Step,Run Service
CAST_Birt_Component,Controller
CAST_Birt_CsvAccess,Data Outbound
CAST_Birt_Cube,Package
CAST_Birt_Dashboard,UI
CAST_Birt_Data_Set,Data Object
CAST_Birt_Dataset,FileStorage
CAST_Birt_Gadget,FileStorage
CAST_Birt_Library,FileStorage
CAST_Birt_MissingTable_Procedure,Procedure
CAST_Birt_MissingTable_Schema,Schema
CAST_Birt_MissingTable_Table,Table
CAST_Birt_Query,Data Query
CAST_Birt_Report,Data Outbound
CAST_Birt_Report_Call,Data Outbound
CAST_Birt_Template,UI
CAST_CICS_DatasetPrototype,FileStorage
CAST_CICS_MapPrototype,UI
CAST_CICS_MapSetPrototype,UI
CAST_CICS_TDQueuePrototype,FileStorage
CAST_CICS_TransactionPrototype,Transaction
CAST_CICS_Webservice,Exposed Web Services
CAST_CL400_MissingTable_Procedure,Procedure
CAST_CL400_MissingTable_Schema,Schema
CAST_CL400_MissingTable_Table,Table
CAST_COBOL_Class,Class
CAST_COBOL_Copybook,File
CAST_COBOL_Directory,Project
CAST_COBOL_Entry,Program
CAST_COBOL_ExternalFilePrototype,Data Access
CAST_COBOL_GenericData,Variable
CAST_COBOL_Index,Index
CAST_COBOL_Interface,Class
CAST_COBOL_Literal,Data Object
CAST_COBOL_MQ_Publisher,Message Queue Publisher
CAST_COBOL_MQ_Subscriber,Message Queue Subscriber
CAST_COBOL_NestedProgram,Program
CAST_COBOL_ProgramPrototype,Program
CAST_COBOL_SavedConditionalTest,Data Object
CAST_COBOL_SavedConstantData,Data Object
CAST_COBOL_SavedDeclaratives,Function
CAST_COBOL_SavedDeclarativesParagraph,Function
CAST_COBOL_SavedDeclarativesSection,Function
CAST_COBOL_SavedDivision,Function
CAST_COBOL_SavedFileDescription,Data Access
CAST_COBOL_SavedParagraph,Function
CAST_COBOL_SavedProgram,Program
CAST_COBOL_SavedSection,Function
CAST_COBOL_SortDescription,Data Access
CAST_COBOL_UserFunction,Program
CAST_COBOL_UtilityProgram,Program
CAST_CPP_MissingTable_Procedure,Procedure
CAST_CPP_MissingTable_Schema,Schema
CAST_CPP_MissingTable_Table,Table
CAST_CQL_Cassandra_Function,Function
CAST_CQL_Cassandra_Index,Index
CAST_CQL_Cassandra_PrimaryKey,SQL Key
CAST_CQL_Cassandra_Schema,Schema
CAST_CQL_Cassandra_Table,Table
CAST_CQL_Cassandra_TableColumn,Table Column
CAST_CQL_Cassandra_Trigger,Trigger
CAST_CQL_Cassandra_View,View
CAST_C_CLR_Event,Event Handling
CAST_C_CLR_EventAddon,Event Handling
CAST_C_CLR_EventRaise,Event Handling
CAST_C_CLR_EventRemoveon,Event Handling
CAST_C_CLR_Property,Variable
CAST_C_CLR_PropertyGetter,Property Getter
CAST_C_CLR_PropertySetter,Property Setter
CAST_C_SQLQuery,Data Query
CAST_CallTo_CICS_Webservice,Web Services Call
CAST_CloudConfig_AWS_API_Gateway_ANY,Exposed Web Services
CAST_CloudConfig_AWS_API_Gateway_DELETE,Web Services Call
CAST_CloudConfig_AWS_API_Gateway_GET,Exposed Web Services
CAST_CloudConfig_AWS_API_Gateway_POST,Exposed Web Services
CAST_CloudConfig_AWS_API_Gateway_PUT,Web Services Call
CAST_CloudConfig_AWS_Lambda_Call,Cloud Function Invocation
CAST_CloudConfig_AWS_Lambda_Function,Cloud Function
CAST_CloudConfig_AWS_SNS_Subscriber,Message Queue Subscriber
CAST_CloudConfig_AWS_SQS_Publisher,Message Queue Publisher
CAST_CloudConfig_AWS_SQS_Receiver,Message Queue Subscriber
CAST_CloudConfig_Email,Data Outbound
CAST_CloudConfig_PostHttpRequestService,Web Services Call
CAST_CloudConfig_SMS,Data Outbound
CAST_Cobol_MissingTable_Procedure,Procedure
CAST_Cobol_MissingTable_Schema,Schema
CAST_Cobol_MissingTable_Table,Table
CAST_Cobol_SQLQuery,Data Query
CAST_Com_CoClass,Class
CAST_Com_DispInterface,UI
CAST_Com_Interface,Class
CAST_Com_Method,Function
CAST_Com_PropGet,Property Getter
CAST_Com_PropPut,Property Setter
CAST_Com_PropPutRef,Property Setter
CAST_Com_Property,Variable
CAST_Com_TypeLibCwmmImported,Project
CAST_Cpp_AdditionalFile,File
CAST_Cpp_Class,Class
CAST_Cpp_ClassFolder,Project
CAST_Cpp_Constructor,Class Constructor
CAST_Cpp_Destructor,Class Destructor
CAST_Cpp_Directory,Project
CAST_Cpp_Enum,Enumeration
CAST_Cpp_EnumItem,Enumeration
CAST_Cpp_FreeFunction,Function
CAST_Cpp_GlobalVariable,Variable
CAST_Cpp_HeaderFile,File
CAST_Cpp_Macro,Macro
CAST_Cpp_MemberFunction,Function
CAST_Cpp_MemberVariable,Variable
CAST_Cpp_Namespace,Namespace
CAST_Cpp_RootDirectory,Project
CAST_Cpp_SourceFile,File
CAST_Cpp_TemplateClass,Class
CAST_Cpp_TemplateClassInstance,Class
CAST_Cpp_TemplateConstructor,Class Constructor
CAST_Cpp_TemplateConstructorInstance,Class Constructor
CAST_Cpp_TemplateFreeFunction,Function
CAST_Cpp_TemplateFreeFunctionInstance,Function
CAST_Cpp_TemplateMemberFunction,Function
CAST_Cpp_TemplateMemberFunctionInstance,Function
CAST_Cpp_TemplateParameter,Variable
CAST_Cpp_TemplateUnion,Class
CAST_Cpp_TemplateUnionInstance,Class
CAST_Cpp_Typedef,Macro
CAST_Cpp_Union,Class
CAST_DotNet_ADODB_SQL_Query,Data Query
CAST_DotNet_ADO_SqlQuery_Unknown,Data Query
CAST_DotNet_AnyOperation,Exposed Web Services
CAST_DotNet_ApacheNMS_AMQP_Publisher,Message Queue Publisher
CAST_DotNet_ApacheNMS_AMQP_Reciever,Message Queue Subscriber
CAST_DotNet_ApacheNMS_AMQP_Unknown_Publisher,Message Queue Publisher
CAST_DotNet_ApacheNMS_AMQP_Unknown_Receiver,Message Queue Subscriber
CAST_DotNet_ApacheNMS_ActiveMQ_Publisher,Message Queue Publisher
CAST_DotNet_ApacheNMS_ActiveMQ_Reciever,Message Queue Subscriber
CAST_DotNet_ApacheNMS_ActiveMQ_Unknown_Publisher,Message Queue Publisher
CAST_DotNet_ApacheNMS_ActiveMQ_Unknown_Receiver,Message Queue Subscriber
CAST_DotNet_AppSettingType,Variable
CAST_DotNet_Application,Application
CAST_DotNet_AsaFile,File
CAST_DotNet_AsaxFile,File
CAST_DotNet_AscxFile,File
CAST_DotNet_AsmxFile,File
CAST_DotNet_AspFile,File
CAST_DotNet_AspxFile,File
CAST_DotNet_BinaryOperatorCSharp,Function
CAST_DotNet_BinaryOperatorExternal,Function
CAST_DotNet_BinaryOperatorVB,Function
CAST_DotNet_CSharpFile,File
CAST_DotNet_CallTo_Azure_Function,Cloud Function Invocation
CAST_DotNet_CallTo_Azure_Unknown_Function,Cloud Function Invocation
CAST_DotNet_CallTo_Azure_Unknown_WebJobs,Cloud Function Invocation
CAST_DotNet_CallTo_Azure_WebJobs,Cloud Function Invocation
CAST_DotNet_CallTo_gRPC,Service Invocation
CAST_DotNet_ClassBrowser,Project
CAST_DotNet_ClassCSharp,Class
CAST_DotNet_ClassCSharpComponent,Class
CAST_DotNet_ClassCSharpCrystalReportClass,Class
CAST_DotNet_ClassCSharpCustomAttribute,Class
CAST_DotNet_ClassCSharpCustomControl,UI
CAST_DotNet_ClassCSharpDataSet,Class
CAST_DotNet_ClassCSharpException,Class
CAST_DotNet_ClassCSharpForm,UI
CAST_DotNet_ClassCSharpInstaller,Class
CAST_DotNet_ClassCSharpServiceBase,Class
CAST_DotNet_ClassCSharpServicedComponent,Class
CAST_DotNet_ClassCSharpUserControl,UI
CAST_DotNet_ClassCSharpWebService,Class
CAST_DotNet_ClassCSharpWebServiceProxy,Class
CAST_DotNet_ClassExternal,Class
CAST_DotNet_ClassExternalComponent,Class
CAST_DotNet_ClassExternalCrystalReportClass,Class
CAST_DotNet_ClassExternalCustomAttribute,Class
CAST_DotNet_ClassExternalCustomControl,UI
CAST_DotNet_ClassExternalDataSet,Class
CAST_DotNet_ClassExternalException,Class
CAST_DotNet_ClassExternalForm,UI
CAST_DotNet_ClassExternalInstaller,Class
CAST_DotNet_ClassExternalServiceBase,Class
CAST_DotNet_ClassExternalServicedComponent,Class
CAST_DotNet_ClassExternalUserControl,UI
CAST_DotNet_ClassExternalWebService,Class
CAST_DotNet_ClassExternalWebServiceProxy,Class
CAST_DotNet_ClassVB,Class
CAST_DotNet_ClassVBComponent,Class
CAST_DotNet_ClassVBCrystalReportClass,Class
CAST_DotNet_ClassVBCustomAttribute,Class
CAST_DotNet_ClassVBCustomControl,UI
CAST_DotNet_ClassVBDataSet,Class
CAST_DotNet_ClassVBException,Class
CAST_DotNet_ClassVBForm,UI
CAST_DotNet_ClassVBInstaller,Class
CAST_DotNet_ClassVBServiceBase,Class
CAST_DotNet_ClassVBServicedComponent,Class
CAST_DotNet_ClassVBUserControl,UI
CAST_DotNet_ClassVBWebService,Class
CAST_DotNet_ClassVBWebServiceProxy,Class
CAST_DotNet_ConfigurationFile,Configuration
CAST_DotNet_ConstantCSharp,Variable
CAST_DotNet_ConstantExternal,Variable
CAST_DotNet_ConstantVB,Variable
CAST_DotNet_ConstructorCSharp,Class Constructor
CAST_DotNet_ConstructorExternal,Class Constructor
CAST_DotNet_ConstructorVB,Class Constructor
CAST_DotNet_Control,UI
CAST_DotNet_Controller_Action,Service Interface
CAST_DotNet_ConversionOperatorCSharp,Function
CAST_DotNet_ConversionOperatorExternal,Function
CAST_DotNet_ConversionOperatorVB,Function
CAST_DotNet_CosmosDB_Collection,Collection
CAST_DotNet_CosmosDB_Database,Schema
CAST_DotNet_Couchbase_Bucket,Cloud FileStorage
CAST_DotNet_Couchbase_Cluster,Schema
CAST_DotNet_Couchbase_Collection,Collection
CAST_DotNet_CustomAttribute,Variable
CAST_DotNet_Dapper_Entity,Data Entity
CAST_DotNet_Dapper_Entity_Operation,Data Entity
CAST_DotNet_Dapper_SQLQuery,Data Query
CAST_DotNet_DataSetFile,File
CAST_DotNet_DelegateCSharp,Function
CAST_DotNet_DelegateExternal,Function
CAST_DotNet_DelegateVB,Function
CAST_DotNet_DeleteOperation,Exposed Web Services
CAST_DotNet_DestructorCSharp,Class Destructor
CAST_DotNet_DestructorExternal,Class Destructor
CAST_DotNet_DestructorVB,Class Destructor
CAST_DotNet_Directory,Project
CAST_DotNet_DynamicType,Variable
CAST_DotNet_DynamoDB_Client,Schema
CAST_DotNet_DynamoDB_Table,Collection
CAST_DotNet_Elasticsearch_Cluster,Schema
CAST_DotNet_Elasticsearch_Index,Collection
CAST_DotNet_EntLib_SQL_Query,Data Query
CAST_DotNet_Entity,Data Entity
CAST_DotNet_Entity_Operation,Data Entity
CAST_DotNet_Entity_SQLQuery,Data Query
CAST_DotNet_EnumerationCSharp,Enumeration
CAST_DotNet_EnumerationExternal,Enumeration
CAST_DotNet_EnumerationItemCSharp,Enumeration
CAST_DotNet_EnumerationItemExternal,Enumeration
CAST_DotNet_EnumerationItemVB,Enumeration
CAST_DotNet_EnumerationVB,Enumeration
CAST_DotNet_EventAddExternal,Event Handling
CAST_DotNet_EventAddonCSharp,Event Handling
CAST_DotNet_EventAddonVB,Event Handling
CAST_DotNet_EventCSharp,Event Handling
CAST_DotNet_EventExternal,Event Handling
CAST_DotNet_EventRaiseVB,Event Handling
CAST_DotNet_EventRemoveExternal,Event Handling
CAST_DotNet_EventRemoveonCSharp,Event Handling
CAST_DotNet_EventRemoveonVB,Event Handling
CAST_DotNet_EventVB,Event Handling
CAST_DotNet_Executable,Program
CAST_DotNet_FieldCSharp,Variable
CAST_DotNet_FieldCSharpCustomControl,UI
CAST_DotNet_FieldCSharpServerControl,UI
CAST_DotNet_FieldExternal,Variable
CAST_DotNet_FieldExternalCustomControl,UI
CAST_DotNet_FieldExternalServerControl,UI
CAST_DotNet_FieldVB,Variable
CAST_DotNet_FieldVBCustomControl,UI
CAST_DotNet_FieldVBServerControl,UI
CAST_DotNet_FileBrowser,Project
CAST_DotNet_GCP_Bigtable_Table,Collection
CAST_DotNet_GCP_CloudStorage_Bucket,Cloud FileStorage
CAST_DotNet_GCP_PubSub_Publisher,Message Queue Publisher
CAST_DotNet_GCP_PubSub_Receiver,Message Queue Subscriber
CAST_DotNet_GCP_PubSub_Subscription,Message-Oriented
CAST_DotNet_GCP_PubSub_Unknown_Publisher,Message Queue Publisher
CAST_DotNet_GCP_Unknown_CloudStorage_Bucket,Cloud FileStorage
CAST_DotNet_GCP_Unknown_PubSub_Receiver,Message Queue Subscriber
CAST_DotNet_GenericClassCSharp,Class
CAST_DotNet_GenericClassExternal,Class
CAST_DotNet_GenericClassVB,Class
CAST_DotNet_GenericDelegateCSharp,Function
CAST_DotNet_GenericDelegateExternal,Function
CAST_DotNet_GenericDelegateVB,Function
CAST_DotNet_GenericInterfaceCSharp,Class
CAST_DotNet_GenericInterfaceExternal,Class
CAST_DotNet_GenericInterfaceVB,Class
CAST_DotNet_GenericMethodCSharp,Function
CAST_DotNet_GenericMethodExternal,Function
CAST_DotNet_GenericMethodVB,Function
CAST_DotNet_GenericStructureCSharp,Class
CAST_DotNet_GenericStructureExternal,Class
CAST_DotNet_GenericStructureVB,Class
CAST_DotNet_GetOperation,Exposed Web Services
CAST_DotNet_GlobalNamespace,Namespace
CAST_DotNet_HtcFile,File
CAST_DotNet_HtmFile,File
CAST_DotNet_HtmlFile,File
CAST_DotNet_IndexerCSharp,Index
CAST_DotNet_IndexerExternal,Index
CAST_DotNet_IndexerGetterCSharp,Property Getter
CAST_DotNet_IndexerGetterExternal,Property Getter
CAST_DotNet_IndexerGetterVB,Property Getter
CAST_DotNet_IndexerSetterCSharp,Property Setter
CAST_DotNet_IndexerSetterExternal,Property Setter
CAST_DotNet_IndexerSetterVB,Property Setter
CAST_DotNet_IndexerVB,Index
CAST_DotNet_InstantiatedGenericClassCSharp,Class
CAST_DotNet_InstantiatedGenericClassExternal,Class
CAST_DotNet_InstantiatedGenericClassVB,Class
CAST_DotNet_InstantiatedGenericDelegateCSharp,Function
CAST_DotNet_InstantiatedGenericDelegateExternal,Function
CAST_DotNet_InstantiatedGenericDelegateVB,Function
CAST_DotNet_InstantiatedGenericInterfaceCSharp,Class
CAST_DotNet_InstantiatedGenericInterfaceExternal,Class
CAST_DotNet_InstantiatedGenericInterfaceVB,Class
CAST_DotNet_InstantiatedGenericMethodCSharp,Function
CAST_DotNet_InstantiatedGenericMethodExternal,Function
CAST_DotNet_InstantiatedGenericMethodVB,Function
CAST_DotNet_InstantiatedGenericStructureCSharp,Class
CAST_DotNet_InstantiatedGenericStructureExternal,Class
CAST_DotNet_InstantiatedGenericStructureVB,Class
CAST_DotNet_InterfaceCSharp,Class
CAST_DotNet_InterfaceExternal,Class
CAST_DotNet_InterfaceVB,Class
CAST_DotNet_JavaScriptFile,File
CAST_DotNet_Kafka_Publisher,Message Queue Publisher
CAST_DotNet_Kafka_Receiver,Message Queue Subscriber
CAST_DotNet_Kafka_Unknown_Publisher,Message Queue Publisher
CAST_DotNet_Kafka_Unknown_Receiver,Message Queue Subscriber
CAST_DotNet_Lucene_Index,Collection
CAST_DotNet_MSAppBlocks_SQL_Query,Data Query
CAST_DotNet_MYBATIS_Unknown_SQLQuery,Data Query
CAST_DotNet_MasterFile,Project
CAST_DotNet_Memcached_Connection,Storage Connection
CAST_DotNet_Memcached_Data,Collection
CAST_DotNet_MethodCSharp,Function
CAST_DotNet_MethodExternal,Function
CAST_DotNet_MethodPrototype,Function
CAST_DotNet_MethodVB,Function
CAST_DotNet_MissingTable_Procedure,Procedure
CAST_DotNet_MissingTable_Schema,Schema
CAST_DotNet_MissingTable_Table,Table
CAST_DotNet_ModuleVB,Class Grouping
CAST_DotNet_MongoDB_Collection,Collection
CAST_DotNet_MongoDB_Connection,Storage Connection
CAST_DotNet_MongoDB_Database,Schema
CAST_DotNet_NHibernate_Entity,Data Entity
CAST_DotNet_NHibernate_Entity_Operation,Data Entity
CAST_DotNet_NHibernate_HQLQuery,Data Query
CAST_DotNet_NHibernate_SQLQuery,Data Query
CAST_DotNet_NamespaceDotNet,Namespace
CAST_DotNet_ODataClient_DeleteHttpRequestService,Web Services Call
CAST_DotNet_ODataClient_GetHttpRequestService,Web Services Call
CAST_DotNet_ODataClient_PatchHttpRequestService,Web Services Call
CAST_DotNet_ODataClient_PostHttpRequestService,Web Services Call
CAST_DotNet_ODataClient_PutHttpRequestService,Web Services Call
CAST_DotNet_PatchOperation,Exposed Web Services
CAST_DotNet_PostOperation,Exposed Web Services
CAST_DotNet_ProjectReferences,Project
CAST_DotNet_PropertyCSharp,Variable
CAST_DotNet_PropertyExternal,Variable
CAST_DotNet_PropertyGetterCSharp,Property Getter
CAST_DotNet_PropertyGetterExternal,Property Getter
CAST_DotNet_PropertyGetterVB,Property Getter
CAST_DotNet_PropertySetterCSharp,Property Setter
CAST_DotNet_PropertySetterExternal,Property Setter
CAST_DotNet_PropertySetterVB,Property Setter
CAST_DotNet_PropertyVB,Variable
CAST_DotNet_PutOperation,Exposed Web Services
CAST_DotNet_RabbitMQ_ExchangeBind,Message-Oriented
CAST_DotNet_RabbitMQ_ExchangeDeclaration,Message-Oriented
CAST_DotNet_RabbitMQ_Publisher,Message Queue Publisher
CAST_DotNet_RabbitMQ_QueueBind,Variable
CAST_DotNet_RabbitMQ_Receiver,Message Queue Subscriber
CAST_DotNet_RabbitMQ_Unknown_Publisher,Message Queue Publisher
CAST_DotNet_RabbitMQ_Unknown_Receiver,Message Queue Subscriber
CAST_DotNet_Redis_Collection,Collection
CAST_DotNet_Redis_Connection,Storage Connection
CAST_DotNet_SOAP_Proxy,Exposed Web Services
CAST_DotNet_SOAP_Server,Exposed Web Services
CAST_DotNet_SettingsFile,File
CAST_DotNet_SkinControlType,Variable
CAST_DotNet_SkinFile,File
CAST_DotNet_Solr_Client,Storage Connection
CAST_DotNet_Solr_Index,Collection
CAST_DotNet_SourceFile,File
CAST_DotNet_StructureCSharp,Class
CAST_DotNet_StructureExternal,Class
CAST_DotNet_StructureVB,Class
CAST_DotNet_TypeParameterCSharp,Variable
CAST_DotNet_TypeParameterExternal,Variable
CAST_DotNet_TypeParameterVB,Variable
CAST_DotNet_UnaryOperatorCSharp,Function
CAST_DotNet_UnaryOperatorExternal,Function
CAST_DotNet_UnaryOperatorVB,Function
CAST_DotNet_Unknown_ADODB_SQLQuery,Data Query
CAST_DotNet_Unknown_ADO_SqlQuery,Data Query
CAST_DotNet_Unknown_CosmosDB_Collection,Collection
CAST_DotNet_Unknown_CosmosDB_Database,Schema
CAST_DotNet_Unknown_Couchbase_Bucket,Cloud FileStorage
CAST_DotNet_Unknown_Couchbase_Cluster,Schema
CAST_DotNet_Unknown_Couchbase_Collection,Collection
CAST_DotNet_Unknown_Dapper_Entity,Data Entity
CAST_DotNet_Unknown_Dapper_Entity_Operation,Data Entity
CAST_DotNet_Unknown_Dapper_SQLQuery,Data Query
CAST_DotNet_Unknown_DynamoDB_Client,Schema
CAST_DotNet_Unknown_DynamoDB_Table,Collection
CAST_DotNet_Unknown_Elasticsearch_Index,Collection
CAST_DotNet_Unknown_EntLib_SQLQuery,Data Query
CAST_DotNet_Unknown_Entity,Data Entity
CAST_DotNet_Unknown_Entity_Operation,Data Entity
CAST_DotNet_Unknown_Entity_SQLQuery,Data Query
CAST_DotNet_Unknown_GCP_Bigtable_Table,Collection
CAST_DotNet_Unknown_Lucene_Index,Collection
CAST_DotNet_Unknown_MSAppBlocks_SQLQuery,Data Query
CAST_DotNet_Unknown_Memcached_Connection,Storage Connection
CAST_DotNet_Unknown_Memcached_Data,Collection
CAST_DotNet_Unknown_MongoDB_Collection,Collection
CAST_DotNet_Unknown_MongoDB_Connection,Storage Connection
CAST_DotNet_Unknown_MongoDB_Database,Schema
CAST_DotNet_Unknown_NHibernate_Entity,Data Entity
CAST_DotNet_Unknown_NHibernate_Entity_Operation,Data Entity
CAST_DotNet_Unknown_NHibernate_SQLQuery,Data Query
CAST_DotNet_Unknown_Redis_Collection,Collection
CAST_DotNet_Unknown_Redis_Connection,Storage Connection
CAST_DotNet_Unknown_Solr_Index,Collection
CAST_DotNet_VBNetFile,File
CAST_DotNet_VBScriptFile,File
CAST_DotNet_XamlFile,File
CAST_DotNet_gRPC_Method,Service Interface
CAST_Dotnet_ADO_SqlQuery,Data Query
CAST_Dotnet_Service_CallToDelete,Web Services Call
CAST_Dotnet_Service_CallToGet,Web Services Call
CAST_Dotnet_Service_CallToPatch,Web Services Call
CAST_Dotnet_Service_CallToPost,Web Services Call
CAST_Dotnet_Service_CallToPut,Web Services Call
CAST_EAD4J_Operation,Exposed Web Services
CAST_Forms_Alert,UI
CAST_Forms_Alert_Tab,UI
CAST_Forms_Canvas,UI
CAST_Forms_Canvas_Tab,UI
CAST_Forms_Editor,UI
CAST_Forms_Editor_Tab,UI
CAST_Forms_Function,Function
CAST_Forms_Function_Tab,Function
CAST_Forms_Graphics,UI
CAST_Forms_Graphics_Tab,UI
CAST_Forms_LOV,UI
CAST_Forms_Menu,UI
CAST_Forms_MenuItem,UI
CAST_Forms_MenuItem_Tab,UI
CAST_Forms_MenuModule,Class Grouping
CAST_Forms_Menu_Tab,UI
CAST_Forms_Module,Class Grouping
CAST_Forms_ModuleParameter,Class Grouping
CAST_Forms_ModuleParameter_Tab,Class Grouping
CAST_Forms_Package,Package
CAST_Forms_PackageBody,Package
CAST_Forms_PackageBody_Tab,Package
CAST_Forms_Package_Tab,Package
CAST_Forms_PlsqlModule,Class Grouping
CAST_Forms_PopupMenu,UI
CAST_Forms_PopupMenuItem,UI
CAST_Forms_PrivateFunction,Function
CAST_Forms_PrivateFunction_Tab,Function
CAST_Forms_PrivateProcedure,Procedure
CAST_Forms_PrivateProcedure_Tab,Procedure
CAST_Forms_Procedure,Procedure
CAST_Forms_Procedure_Tab,Procedure
CAST_Forms_PropertyClass,Class
CAST_Forms_PropertyClass_Tab,Class
CAST_Forms_Trigger,Trigger
CAST_Forms_Trigger_Tab,Trigger
CAST_Forms_VisualAttributes,UI
CAST_Forms_VisualAttributes_Tab,UI
CAST_Forms_Window,UI
CAST_Forms_Window_Tab,UI
CAST_GWT_Activity,UI
CAST_GWT_DeleteResourceService,Web Services Call
CAST_GWT_EventHandler,Event Handling
CAST_GWT_GetResourceService,Web Services Call
CAST_GWT_Module,UI
CAST_GWT_PostResourceService,Web Services Call
CAST_GWT_PutResourceService,Web Services Call
CAST_GWT_RemoteOperation,Exposed Web Services
CAST_GWT_RemoteResourceService,Web Services Call
CAST_GWT_View,UI
CAST_Go_Abstract_Method,Function
CAST_Go_Field,Variable
CAST_Go_Function,Function
CAST_Go_Interface,Class
CAST_Go_Method,Function
CAST_Go_Module,Class Grouping
CAST_Go_Package,Package
CAST_Go_Struct,Class
CAST_Go_Type,Class
CAST_HTML5_ASPX_Content,File
CAST_HTML5_ASP_Content,File
CAST_HTML5_AppletClassReference,Class
CAST_HTML5_Backbone_View,UI
CAST_HTML5_BeanMethodReference,Function
CAST_HTML5_CSHTML_Content,File
CAST_HTML5_CSS_SourceCode,File
CAST_HTML5_CSS_SourceCode_Fragment,File
CAST_HTML5_DWR_CallTo_Method,Service Invocation
CAST_HTML5_DeleteHttpRequestService,Web Services Call
CAST_HTML5_DeleteXMLHttpRequestService,Web Services Call
CAST_HTML5_Dotnet_Reference,Class
CAST_HTML5_External_Libraries,Project
CAST_HTML5_GetEventSourceService,Web Services Call
CAST_HTML5_GetHttpRequestService,Web Services Call
CAST_HTML5_GetXMLHttpRequestService,Web Services Call
CAST_HTML5_HAML_SourceCode,Class
CAST_HTML5_HTC_Content,File
CAST_HTML5_HTML_Fragment,File
CAST_HTML5_Handlebars_SourceCode,File
CAST_HTML5_JEE_Class_Import,Class
CAST_HTML5_JEE_Method_Call,Service Invocation
CAST_HTML5_JEE_Scoped_Bean_Access,Service Invocation
CAST_HTML5_JEE_Servlet_Mapping_Access,Service Interface
CAST_HTML5_JEE_Struts_Action_Access,Service Interface
CAST_HTML5_JSP_Content,File
CAST_HTML5_JSX_SourceCode,File
CAST_HTML5_Jade_SourceCode,File
CAST_HTML5_JavaScript_Class,Class
CAST_HTML5_JavaScript_Constructor,Class Constructor
CAST_HTML5_JavaScript_Function,Function
CAST_HTML5_JavaScript_Initialisation,File
CAST_HTML5_JavaScript_Method,Function
CAST_HTML5_JavaScript_SourceCode,File
CAST_HTML5_JavaScript_SourceCode_Fragment,File
CAST_HTML5_Knockout_ModelFunction,Function
CAST_HTML5_Knockout_View,UI
CAST_HTML5_Marionette_Application,Application
CAST_HTML5_Marionette_View,UI
CAST_HTML5_PostHttpRequestService,Web Services Call
CAST_HTML5_PostXMLHttpRequestService,Web Services Call
CAST_HTML5_Pug_SourceCode,File
CAST_HTML5_PutHttpRequestService,Web Services Call
CAST_HTML5_RAZOR_Content,Class
CAST_HTML5_Razor_Controller_Method_Call,Service Invocation
CAST_HTML5_Razor_Controller_Method_Get,Service Invocation
CAST_HTML5_Razor_Controller_Method_Post,Service Invocation
CAST_HTML5_Razor_DeleteService,Web Services Call
CAST_HTML5_Razor_GetService,Web Services Call
CAST_HTML5_Razor_PostService,Web Services Call
CAST_HTML5_SourceCode,File
CAST_HTML5_SourceCode_Fragment,File
CAST_HTML5_TilesAttributeReference,Package
CAST_HTML5_TilesAttributesListReference,Package
CAST_HTML5_TilesAttributesReference,Package
CAST_HTML5_TilesDefinitionReference,Package
CAST_HTML5_Tiles_Definition,Class
CAST_HTML5_UpdateXMLHttpRequestService,Web Services Call
CAST_HTML5_WebSocketService,Web Services
CAST_HTML_Event,Event Handling
CAST_HYBRIS_DeleteHttpRequestService,Web Services Call
CAST_HYBRIS_GetHttpRequestService,Web Services Call
CAST_HYBRIS_PostHttpRequestService,Web Services Call
CAST_HYBRIS_PutHttpRequestService,Web Services Call
CAST_IBMMQ_Java_QueueCall,Message Queue Publisher
CAST_IBMMQ_Java_QueueReceive,Message Queue Subscriber
CAST_IBMMQ_Java_TopicCall,Message Queue Publisher
CAST_IBMMQ_Java_TopicReceive,Message Queue Subscriber
CAST_IBMMQ_Java_Unknown_QueueCall,Message Queue Publisher
CAST_IBMMQ_Java_Unknown_QueueReceive,Message Queue Subscriber
CAST_IBMMQ_Java_Unknown_TopicCall,Message Queue Publisher
CAST_IBMMQ_Java_Unknown_TopicReceive,Message Queue Subscriber
CAST_IBMMQ_Python_QueueCall,Message Queue Publisher
CAST_IBMMQ_Python_QueueReceive,Message Queue Subscriber
CAST_IMS_AlternateProgramControlBlock,Data Entity
CAST_IMS_AnalyzedFile,FileStorage
CAST_IMS_AnalyzedProgramSpecificationBlock,Data Entity
CAST_IMS_AnalyzedSegment,Segment
CAST_IMS_DatabaseProgramControlBlock,Data Entity
CAST_IMS_DatabasePrototype,Schema
CAST_IMS_FilePrototype,FileStorage
CAST_IMS_Folder,Project
CAST_IMS_GSAMProgramControlBlock,Data Entity
CAST_IMS_MessageFormatService,UI
CAST_IMS_MessageInputDescriptor,UI
CAST_IMS_MessageOutputDescriptor,UI
CAST_IMS_ProgramControlBlockPrototype,Data Entity
CAST_IMS_ProgramSpecificationBlockPrototype,Data Entity
CAST_IMS_SQLQuery,Data Query
CAST_IMS_SavedDatabase,Schema
CAST_IMS_SegmentPrototype,Segment
CAST_IMS_Transaction,Transaction
CAST_IMS_TransactionFile,Transaction
CAST_IOS_ApplicationObject,Application
CAST_J2EE_HTML5_Applet,UI
CAST_J2EE_HTML5_JavaScript_SourceCode_Fragment,File
CAST_J2EE_HTML5_Tiles_Attribute,Package
CAST_J2EE_HTML5_Tiles_Attributes_List,Package
CAST_J2EE_HTML5_Tiles_Definition,Package
CAST_JAVA_AnonymousMethod,Function
CAST_JAVA_JDBC_SQLQuery,Data Query
CAST_JAVA_JDBI_SQLQuery,Data Query
CAST_JAVA_JOOQ_SQLQuery,Data Query
CAST_JAVA_MYBATIS_Entity,Data Entity
CAST_JAVA_MYBATIS_Entity_Operation,Data Entity
CAST_JAVA_MYBATIS_SQLQuery,Data Query
CAST_JAVA_MethodOfAnonymousClass,Function
CAST_JAVA_SQLQuery,Data Query
CAST_JAVA_Unknown_JDBI_SQLQuery,Data Query
CAST_JAVA_Unknown_MYBATIS_Entity,Data Entity
CAST_JAVA_Unknown_MYBATIS_Entity_Operation,Data Entity
CAST_JAVA_Unknown_MYBATIS_SQLQuery,Data Query
CAST_JAXRS_DeleteOperation,Exposed Web Services
CAST_JAXRS_GetOperation,Exposed Web Services
CAST_JAXRS_GetResourceService,Web Services Call
CAST_JAXRS_Port,Configuration
CAST_JAXRS_PostOperation,Exposed Web Services
CAST_JAXRS_PutOperation,Exposed Web Services
CAST_JAXRS_Service,Configuration
CAST_JCL_AnalyzedIncludedFile,File
CAST_JCL_CatalogedJob,Run Service
CAST_JCL_CatalogedJobPrototype,Run Service
CAST_JCL_CatalogedProcedure,Function
CAST_JCL_Dataset,FileStorage
CAST_JCL_Directory,Project
CAST_JCL_IncludedFilePrototype,File
CAST_JCL_Index,Index
CAST_JCL_InstreamProcedure,Function
CAST_JCL_JCLToJava,Run Service
CAST_JCL_MissingTable_Procedure,Procedure
CAST_JCL_MissingTable_Schema,Schema
CAST_JCL_MissingTable_Table,Table
CAST_JCL_ProcedurePrototype,Function
CAST_JCL_ResolvedDataset,FileStorage
CAST_JCL_RootDirectory,Project
CAST_JCL_SQLQuery,Data Query
CAST_JCL_Step,Run Service
CAST_JCL_UtilityProcedure,Function
CAST_JEE_Annotation_file,File
CAST_JEE_DWR_Method,Service Interface
CAST_JEE_SINGLETON,Data Object
CAST_JEE_SpringBeanProperty,Variable
CAST_JEE_Spring_Batch_Job,Run Service
CAST_JEE_Spring_Batch_Step,Run Service
CAST_JEE_Struts2_ConfigurationFile,Configuration
CAST_JEE_StrutsAction,Configuration
CAST_JEE_StrutsFilter,Configuration
CAST_JEE_StrutsInterceptor,Configuration
CAST_JEE_StrutsInterceptorStack,Configuration
CAST_JEE_StrutsPackage,Package
CAST_JEE_StrutsResult,Configuration
CAST_JEE_StrutsValidator,Function
CAST_JEE_VALIDATION_FORM,Function
CAST_JEE_VALIDATION_FORM_FIELD,Function
CAST_JFace_EventHandler,Event Handling
CAST_JFace_UI,UI
CAST_JMS_Java_QueueCall,Message Queue Publisher
CAST_JMS_Java_QueueReceive,Message Queue Subscriber
CAST_JMS_Java_TopicCall,Message Queue Publisher
CAST_JMS_Java_TopicReceive,Message Queue Subscriber
CAST_JMS_Java_Unknown_QueueCall,Message Queue Publisher
CAST_JMS_Java_Unknown_QueueReceive,Message Queue Subscriber
CAST_JMS_Java_Unknown_TopicCall,Message Queue Publisher
CAST_JMS_Java_Unknown_TopicReceive,Message Queue Subscriber
CAST_JQuery_DeleteResourceService,Web Services Call
CAST_JQuery_GetResourceService,Web Services Call
CAST_JQuery_PostResourceService,Web Services Call
CAST_JQuery_PutResourceService,Web Services Call
CAST_JQuery_Selector,Function
CAST_Java2Program_GeneralCall,Run Service
CAST_Java2Program_JarProgram,Run Service
CAST_Java2Program_JavaCall,Run Service
CAST_JavaFX_Application,Application
CAST_JavaFX_EventHandler,Event Handling
CAST_JavaFX_View,UI
CAST_Java_AnnotationTypeMethod,Function
CAST_Java_Apachelucene_Index,Collection
CAST_Java_Apachesolr_Client,Storage Connection
CAST_Java_Apachesolr_Index,Collection
CAST_Java_Applet,Class
CAST_Java_CallTo_AWS_Lambda,Cloud Function Invocation
CAST_Java_CallTo_AWS_Unkown_Lambda,Cloud Function Invocation
CAST_Java_CallTo_Azure_Function,Cloud Function Invocation
CAST_Java_CallTo_Azure_Unknown_Function,Cloud Function Invocation
CAST_Java_CallTo_gRPC,Service Invocation
CAST_Java_Cassandra_CQLQuery,Data Query
CAST_Java_Cassandra_Index,Index
CAST_Java_Cassandra_Operation,Data Entity
CAST_Java_Cassandra_PrimaryKey,SQL Key
CAST_Java_Cassandra_Schema,Schema
CAST_Java_Cassandra_Table,Table
CAST_Java_Cassandra_TableColumn,Table Column
CAST_Java_CommonsDbUtils_SqlQuery,Data Query
CAST_Java_CosmosDB_Collection,Collection
CAST_Java_CosmosDB_Database,Schema
CAST_Java_CouchDB_Collection,Collection
CAST_Java_CouchDB_Connection,Storage Connection
CAST_Java_CouchDB_Database,Schema
CAST_Java_Couchbase_Bucket,Cloud FileStorage
CAST_Java_Couchbase_Cluster,Schema
CAST_Java_Couchbase_Collection,Collection
CAST_Java_Couchbase_NewCollection,Collection
CAST_Java_DynamoDB_Client,Schema
CAST_Java_DynamoDB_Table,Collection
CAST_Java_Elasticsearch_Cluster,Storage Connection
CAST_Java_Elasticsearch_Index,Collection
CAST_Java_Freemarker_CallToFTL,Service Invocation
CAST_Java_Freemarker_FTLParameter,Variable
CAST_Java_GCP_Bigtable_Table,Collection
CAST_Java_GCP_CloudStorage_Bucket,Cloud FileStorage
CAST_Java_GCP_PubSub_Publisher,Message Queue Publisher
CAST_Java_GCP_PubSub_Receiver,Message Queue Subscriber
CAST_Java_GCP_PubSub_Subscription,Message-Oriented
CAST_Java_GCP_Unknown_PubSub_Publisher,Message Queue Publisher
CAST_Java_GCP_Unknown_PubSub_Receiver,Message Queue Subscriber
CAST_Java_JOOQ_Entity,Data Entity
CAST_Java_JOOQ_Entity_Operation,Data Entity
CAST_Java_JPA_Entity,Data Entity
CAST_Java_JPA_Entity_Operation,Data Entity
CAST_Java_JPA_JPQLQuery,Data Query
CAST_Java_JPA_SQLQuery,Data Query
CAST_Java_Lambda,Function
CAST_Java_LocalVariable,Variable
CAST_Java_MarkLogic_Collection,Collection
CAST_Java_MarkLogic_Database,Schema
CAST_Java_Memcached_Connection,Storage Connection
CAST_Java_Memcached_Data,Collection
CAST_Java_MissingTable_Procedure,Procedure
CAST_Java_MissingTable_Schema,Schema
CAST_Java_MissingTable_Table,Table
CAST_Java_MongoDB_Collection,Collection
CAST_Java_MongoDB_Connection,Storage Connection
CAST_Java_MongoDB_Database,Schema
CAST_Java_ORMLite_Entity,Data Entity
CAST_Java_ORMLite_Entity_Operation,Data Entity
CAST_Java_ORMLite_SQLQuery,Data Query
CAST_Java_Redis_Collection,Collection
CAST_Java_Redis_Connection,Storage Connection
CAST_Java_Service_CallToDelete,Web Services Call
CAST_Java_Service_CallToGet,Web Services Call
CAST_Java_Service_CallToPatch2,Web Services Call
CAST_Java_Service_CallToPost,Web Services Call
CAST_Java_Service_CallToPut,Web Services Call
CAST_Java_Spark_JDBC_Read,Data Query
CAST_Java_Spark_JDBC_SQLQuery,Data Query
CAST_Java_Spark_JDBC_Write,Data Query
CAST_Java_Unknown_Apachelucene_Index,Collection
CAST_Java_Unknown_Apachesolr_Index,Collection
CAST_Java_Unknown_CommonsDbUtils_SqlQuery,Data Query
CAST_Java_Unknown_CosmosDB_Collection,Collection
CAST_Java_Unknown_CosmosDB_Database,Schema
CAST_Java_Unknown_CouchDB_Collection,Collection
CAST_Java_Unknown_CouchDB_Connection,Storage Connection
CAST_Java_Unknown_CouchDB_Database,Schema
CAST_Java_Unknown_Couchbase_Bucket,Cloud FileStorage
CAST_Java_Unknown_Couchbase_Cluster,Schema
CAST_Java_Unknown_Couchbase_Collection,Collection
CAST_Java_Unknown_Couchbase_NewCollection,Collection
CAST_Java_Unknown_DynamoDB_Client,Schema
CAST_Java_Unknown_DynamoDB_Table,Collection
CAST_Java_Unknown_Elasticsearch_Cluster,Schema
CAST_Java_Unknown_Elasticsearch_Index,Collection
CAST_Java_Unknown_GCP_Bigtable_Table,Collection
CAST_Java_Unknown_GCP_CloudStorage_Bucket,Cloud FileStorage
CAST_Java_Unknown_JDBC_SQLQuery,Data Query
CAST_Java_Unknown_JOOQ_Entity,Data Entity
CAST_Java_Unknown_JOOQ_Entity_Operation,Data Entity
CAST_Java_Unknown_JOOQ_SQLQuery,Data Query
CAST_Java_Unknown_JPA_Entity,Data Entity
CAST_Java_Unknown_JPA_Entity_Operation,Data Entity
CAST_Java_Unknown_JPA_SQLQuery,Data Query
CAST_Java_Unknown_MarkLogic_Collection,Collection
CAST_Java_Unknown_MarkLogic_Database,Storage Connection
CAST_Java_Unknown_Memcached_Connection,Storage Connection
CAST_Java_Unknown_Memcached_Data,Collection
CAST_Java_Unknown_MongoDB_Collection,Collection
CAST_Java_Unknown_MongoDB_Connection,Storage Connection
CAST_Java_Unknown_MongoDB_Database,Storage Connection
CAST_Java_Unknown_Redis_Collection,Collection
CAST_Java_Unknown_Redis_Connection,Storage Connection
CAST_Java_Unknown_Spark_JDBC_SQLQuery,Data Query
CAST_Java_Velocity_CallToVTLContext,Service Invocation
CAST_Java_Velocity_VTLParameter,Variable
CAST_Java_Web_XML,UI
CAST_Java_gRPC_Method,Service Interface
CAST_Javascript_ClientSide_Method,Function
CAST_Javascript_ClientSide_Variable,Variable
CAST_Javascript_Method_Parameter,Function
CAST_Javascript_ServerSide_Method,Function
CAST_Javascript_ServerSide_Variable,Variable
CAST_Kotlin_Anonymous_Class,Class
CAST_Kotlin_Class,Class
CAST_Kotlin_DeleteHttpRequestService,Web Services Call
CAST_Kotlin_Function,Function
CAST_Kotlin_Generic_Class,Class
CAST_Kotlin_Generic_Interface,Class
CAST_Kotlin_GetHttpRequestService,Web Services Call
CAST_Kotlin_Getter,Property Getter
CAST_Kotlin_Instantiated_Class,Class
CAST_Kotlin_Interface,Class
CAST_Kotlin_JVM_Class,Class
CAST_Kotlin_JVM_Generic_Class,Class
CAST_Kotlin_JVM_Method,Function
CAST_Kotlin_Lambda,Function
CAST_Kotlin_Main,Function
CAST_Kotlin_Method,Function
CAST_Kotlin_PostHttpRequestService,Web Services Call
CAST_Kotlin_Property,Variable
CAST_Kotlin_PutHttpRequestService,Web Services Call
CAST_Kotlin_Setter,Property Setter
CAST_Kotlin_SourceCode,File
CAST_Kotlin_WebService_DeleteOperation,Exposed Web Services
CAST_Kotlin_WebService_GetOperation,Exposed Web Services
CAST_Kotlin_WebService_PostOperation,Exposed Web Services
CAST_Kotlin_WebService_PutOperation,Exposed Web Services
CAST_MSTSQL_DML_Trigger,Trigger
CAST_MSTSQL_Database,Storage
CAST_MSTSQL_ExternalDatabase,Storage
CAST_MSTSQL_ExternalInstance,Storage Connection
CAST_MSTSQL_ExternalSchema,Schema
CAST_MSTSQL_ForeignKeyConstraint,SQL Key
CAST_MSTSQL_Function,Database Function
CAST_MSTSQL_Index,Index
CAST_MSTSQL_Instance,Storage Connection
CAST_MSTSQL_PrimaryKeyConstraint,SQL Key
CAST_MSTSQL_Procedure,Procedure
CAST_MSTSQL_RelationalTable,Table
CAST_MSTSQL_Schema,Schema
CAST_MSTSQL_TableColumn,Table Column
CAST_MSTSQL_UniqueConstraint,SQL Key
CAST_MSTSQL_View,View
CAST_MSTSQL_ViewColumn,Table Column
CAST_MYBATIS_DOTNET_SQLNAMEDQUERY,Data Query
CAST_NodeJS_AWS_Lambda,Cloud Function
CAST_NodeJS_AWS_Lambda_Call,Cloud Function Invocation
CAST_NodeJS_AWS_Lambda_Function_ANY,Exposed Web Services
CAST_NodeJS_AWS_Lambda_Function_DELETE,Exposed Web Services
CAST_NodeJS_AWS_Lambda_Function_GET,Exposed Web Services
CAST_NodeJS_AWS_Lambda_Function_POST,Exposed Web Services
CAST_NodeJS_AWS_Lambda_Function_PUT,Exposed Web Services
CAST_NodeJS_AWS_SNS_Publisher,Message Queue Publisher
CAST_NodeJS_AWS_SNS_Subscriber,Message Queue Subscriber
CAST_NodeJS_AWS_SNS_Unknown_Publisher,Message Queue Publisher
CAST_NodeJS_AWS_SNS_Unknown_Subscriber,Message Queue Subscriber
CAST_NodeJS_AWS_SQS_Publisher,Message Queue Publisher
CAST_NodeJS_AWS_SQS_Receiver,Message Queue Subscriber
CAST_NodeJS_AWS_SQS_Unknown_Publisher,Message Queue Publisher
CAST_NodeJS_AWS_SQS_Unknown_Receiver,Message Queue Subscriber
CAST_NodeJS_AWS_Unknown_Lambda_Call,Cloud Function Invocation
CAST_NodeJS_AnyOperation,Exposed Web Services
CAST_NodeJS_Application,Application
CAST_NodeJS_Azure_AnyOperation,Exposed Web Services
CAST_NodeJS_Azure_Blob_Container,Cloud FileStorage
CAST_NodeJS_Azure_CallTo_Hub_Method,Service Invocation
CAST_NodeJS_Azure_CallTo_Unknown_Hub_Method,Service Invocation
CAST_NodeJS_Azure_DeleteOperation,Exposed Web Services
CAST_NodeJS_Azure_EventHub_Publisher,Message Queue Publisher
CAST_NodeJS_Azure_EventHub_Receiver,Message Queue Subscriber
CAST_NodeJS_Azure_Function,Cloud Function
CAST_NodeJS_Azure_GetOperation,Exposed Web Services
CAST_NodeJS_Azure_PostOperation,Exposed Web Services
CAST_NodeJS_Azure_PutOperation,Exposed Web Services
CAST_NodeJS_Azure_ServiceBus_Publisher,Message Queue Publisher
CAST_NodeJS_Azure_ServiceBus_Receiver,Message Queue Subscriber
CAST_NodeJS_Azure_Unknown_Blob_Container,Cloud FileStorage
CAST_NodeJS_Azure_Unknown_EventHub_Publisher,Message Queue Publisher
CAST_NodeJS_Azure_Unknown_EventHub_Receiver,Message Queue Subscriber
CAST_NodeJS_Azure_Unknown_ServiceBus_Publisher,Message Queue Publisher
CAST_NodeJS_Azure_Unknown_ServiceBus_Receiver,Message Queue Subscriber
CAST_NodeJS_CallTo_gRPC,Service Invocation
CAST_NodeJS_Call_to_Azure_Function,Cloud Function Invocation
CAST_NodeJS_Call_to_Unknown_Azure_Function,Cloud Function Invocation
CAST_NodeJS_Collection,Collection
CAST_NodeJS_CosmosDB_Client,Schema
CAST_NodeJS_CosmosDB_Collection,Collection
CAST_NodeJS_CosmosDB_Database,Schema
CAST_NodeJS_CosmosDB_Unknown_Client,Schema
CAST_NodeJS_CosmosDB_Unknown_Collection,Collection
CAST_NodeJS_CosmosDB_Unknown_Database,Schema
CAST_NodeJS_CouchDB_Database,Storage Connection
CAST_NodeJS_DeleteHttpRequestService,Web Services Call
CAST_NodeJS_DeleteOperation,Exposed Web Services
CAST_NodeJS_DynamoDB_Endpoint,Storage Connection
CAST_NodeJS_DynamoDB_Table,Collection
CAST_NodeJS_Elasticsearch_Cluster,Storage Connection
CAST_NodeJS_Elasticsearch_Index,Collection
CAST_NodeJS_Elasticsearch_Unknown_Cluster,Storage Connection
CAST_NodeJS_Elasticsearch_Unknown_Index,Collection
CAST_NodeJS_Email,Data Outbound
CAST_NodeJS_Entity,Data Entity
CAST_NodeJS_Entity_Operation,Data Entity
CAST_NodeJS_Express_Controller,Controller
CAST_NodeJS_External_Library,Project
CAST_NodeJS_Folder,Project
CAST_NodeJS_GCP_Bigtable_Table,Collection
CAST_NodeJS_GCP_CloudStorage_Bucket,Cloud FileStorage
CAST_NodeJS_GCP_PubSub_Publisher,Message Queue Publisher
CAST_NodeJS_GCP_PubSub_Receiver,Message Queue Subscriber
CAST_NodeJS_GCP_PubSub_Subscription,Message-Oriented
CAST_NodeJS_GCP_Unknown_Bigtable_Table,Collection
CAST_NodeJS_GCP_Unknown_CloudStorage_Bucket,Cloud FileStorage
CAST_NodeJS_GCP_Unknown_PubSub_Publisher,Message Queue Publisher
CAST_NodeJS_GCP_Unknown_PubSub_Receiver,Message Queue Subscriber
CAST_NodeJS_GCP_Unknown_PubSub_Subscription,Message-Oriented
CAST_NodeJS_General_Call,Run Service
CAST_NodeJS_GetHttpRequestService,Web Services Call
CAST_NodeJS_GetOperation,Exposed Web Services
CAST_NodeJS_Java_Call,Run Service
CAST_NodeJS_LoopbackApplication,Application
CAST_NodeJS_MQTT_Connection,Message Queue Subscriber
CAST_NodeJS_MQTT_Publisher,Message Queue Publisher
CAST_NodeJS_MQTT_Subscriber,Message Queue Subscriber
CAST_NodeJS_Marklogic_Collection,Collection
CAST_NodeJS_Marklogic_Database,Storage Connection
CAST_NodeJS_Memcached_Connection,Storage Connection
CAST_NodeJS_Memcached_Value,Collection
CAST_NodeJS_MissingTable_Procedure,Procedure
CAST_NodeJS_MissingTable_Schema,Schema
CAST_NodeJS_MissingTable_Table,Table
CAST_NodeJS_MongoDB_Collection,Collection
CAST_NodeJS_MongoDB_Connection,Storage Connection
CAST_NodeJS_Port,Configuration
CAST_NodeJS_PostHttpRequestService,Web Services Call
CAST_NodeJS_PostOperation,Exposed Web Services
CAST_NodeJS_Prisma_Configuration,Configuration
CAST_NodeJS_PutHttpRequestService,Web Services Call
CAST_NodeJS_PutOperation,Exposed Web Services
CAST_NodeJS_Redis_Collection,Collection
CAST_NodeJS_Redis_Connection,Storage Connection
CAST_NodeJS_Restify_ANY,Exposed Web Services
CAST_NodeJS_Restify_DELETE,Exposed Web Services
CAST_NodeJS_Restify_GET,Exposed Web Services
CAST_NodeJS_Restify_POST,Exposed Web Services
CAST_NodeJS_Restify_PUT,Exposed Web Services
CAST_NodeJS_S3_Bucket,Cloud FileStorage
CAST_NodeJS_S3_Region,Configuration
CAST_NodeJS_SMS,Data Outbound
CAST_NodeJS_SQL_NamedQuery,Data Query
CAST_NodeJS_Seneca_Act,Message Queue Subscriber
CAST_NodeJS_Seneca_Add,Message Queue Publisher
CAST_NodeJS_SignalR_Hub_Method,Service Interface
CAST_NodeJS_Unknown_Database_Table,Collection
CAST_NodeJS_Unknown_MongoDB_Collection,Collection
CAST_NodeJS_Unknown_MongoDB_Connection,Storage Connection
CAST_NodeJS_Unknown_Redis_Collection,Collection
CAST_NodeJS_Unknown_Redis_Connection,Storage Connection
CAST_NodeJS_Unknown_S3_Bucket,Cloud FileStorage
CAST_NodeJS_Unknown_S3_Region,Configuration
CAST_NodeJS_UseOperation,Exposed Web Services
CAST_NodeJS_gRPC_Method,Service Interface
CAST_ObjectiveC_Action,Function
CAST_ObjectiveC_Block,Function
CAST_ObjectiveC_Category,Class
CAST_ObjectiveC_ClassMethod,Function
CAST_ObjectiveC_DeleteResourceService,Web Services Call
CAST_ObjectiveC_GetResourceService,Web Services Call
CAST_ObjectiveC_Interface,Class
CAST_ObjectiveC_InterfaceVariable,Variable
CAST_ObjectiveC_Method,Function
CAST_ObjectiveC_Outlet,Variable
CAST_ObjectiveC_PlistFile,File
CAST_ObjectiveC_PostResourceService,Web Services Call
CAST_ObjectiveC_Property,Variable
CAST_ObjectiveC_PropertyGetter,Property Getter
CAST_ObjectiveC_PropertySetter,Property Setter
CAST_ObjectiveC_Protocol,Class
CAST_ObjectiveC_PutResourceService,Web Services Call
CAST_ObjectiveC_SourceFile,File
CAST_ObjectiveC_StoryBoardFile,File
CAST_ObjectiveC_UIApplicationDelegate,Controller
CAST_ObjectiveC_UIButton,UI
CAST_ObjectiveC_UIControl,UI
CAST_ObjectiveC_UITextField,UI
CAST_ObjectiveC_XibFile,File
CAST_Oracle_BitmapIndex,Index
CAST_Oracle_CheckConstraint,SQL Key
CAST_Oracle_CollectionNestedTable,Table
CAST_Oracle_CollectionVarray,Variable
CAST_Oracle_DDL_Trigger,Trigger
CAST_Oracle_DML_Trigger,Trigger
CAST_Oracle_DatabaseLink,Storage Connection
CAST_Oracle_DefaultConstraint,SQL Key
CAST_Oracle_Event_Trigger,Trigger
CAST_Oracle_ExternalSchema,Schema
CAST_Oracle_ForeignKeyConstraint,SQL Key
CAST_Oracle_Function,Database Function
CAST_Oracle_FunctionBasedIndex,Index
CAST_Oracle_Index,Index
CAST_Oracle_Instance,Storage
CAST_Oracle_MaterializedView,Table
CAST_Oracle_ObjectTable,Table
CAST_Oracle_PackageBody,Package
CAST_Oracle_PackageHeader,Package
CAST_Oracle_PrimaryKeyConstraint,SQL Key
CAST_Oracle_PrivateFunction,Database Function
CAST_Oracle_PrivateProcedure,Procedure
CAST_Oracle_Procedure,Procedure
CAST_Oracle_RelationalTable,Table
CAST_Oracle_Schema,Schema
CAST_Oracle_TableColumn,Table Column
CAST_Oracle_UniqueConstraint,SQL Key
CAST_Oracle_View,View
CAST_Oracle_ViewColumn,Table Column
CAST_Python_AWS_DynamoDB_Database,Storage Connection
CAST_Python_AWS_DynamoDB_Table,Collection
CAST_Python_AWS_Lambda,Cloud Function
CAST_Python_AWS_Lambda_Function_ANY,Exposed Web Services
CAST_Python_AWS_Lambda_Function_DELETE,Exposed Web Services
CAST_Python_AWS_Lambda_Function_GET,Exposed Web Services
CAST_Python_AWS_Lambda_Function_POST,Exposed Web Services
CAST_Python_AWS_Lambda_Function_PUT,Exposed Web Services
CAST_Python_AWS_S3_Bucket,Cloud FileStorage
CAST_Python_AWS_S3_Region,Configuration
CAST_Python_AWS_SNS_Publisher,Message Queue Publisher
CAST_Python_AWS_SNS_Subscriber,Message Queue Subscriber
CAST_Python_AWS_SNS_Unknown_Publisher,Message Queue Publisher
CAST_Python_AWS_SNS_Unknown_Subscriber,Message Queue Subscriber
CAST_Python_AWS_SQS_Publisher,Message Queue Publisher
CAST_Python_AWS_SQS_Receiver,Message Queue Subscriber
CAST_Python_AWS_SQS_Unknown_Publisher,Message Queue Publisher
CAST_Python_AWS_SQS_Unknown_Receiver,Message Queue Subscriber
CAST_Python_AWS_Unknown_DynamoDB_Table,Collection
CAST_Python_AWS_Unknown_S3_Bucket,Cloud FileStorage
CAST_Python_AWS_Unknown_S3_Region,Configuration
CAST_Python_Aiohttp_DeleteOperation,Exposed Web Services
CAST_Python_Aiohttp_GetOperation,Exposed Web Services
CAST_Python_Aiohttp_PostOperation,Exposed Web Services
CAST_Python_Aiohttp_PutOperation,Exposed Web Services
CAST_Python_CallTo_AWS_Lambda,Cloud Function Invocation
CAST_Python_CallTo_AWS_Unknown_Lambda,Cloud Function Invocation
CAST_Python_Class,Class
CAST_Python_DeleteAiohttpService,Web Services Call
CAST_Python_DeleteHttplib2Service,Web Services Call
CAST_Python_DeleteHttplibService,Web Services Call
CAST_Python_DeleteRequestsService,Web Services Call
CAST_Python_DeleteServiceRequest,Web Services Call
CAST_Python_DeleteUrllibService,Web Services Call
CAST_Python_Email,Data Outbound
CAST_Python_External_Library,Project
CAST_Python_File_Query,Data Query
CAST_Python_Flask_DeleteOperation,Exposed Web Services
CAST_Python_Flask_GetOperation,Exposed Web Services
CAST_Python_Flask_PostOperation,Exposed Web Services
CAST_Python_Flask_PutOperation,Exposed Web Services
CAST_Python_GeneralCall,Run Service
CAST_Python_GetAiohttpService,Web Services Call
CAST_Python_GetHttplib2Service,Web Services Call
CAST_Python_GetHttplibService,Web Services Call
CAST_Python_GetRequestsService,Web Services Call
CAST_Python_GetServiceRequest,Web Services Call
CAST_Python_GetUrllib2Service,Web Services Call
CAST_Python_GetUrllibService,Web Services Call
CAST_Python_GetWeb2pyService,Web Services Call
CAST_Python_JavaCall,Run Service
CAST_Python_Method,Function
CAST_Python_MissingTable_Procedure,Procedure
CAST_Python_MissingTable_Schema,Schema
CAST_Python_MissingTable_Table,Table
CAST_Python_MissingTable_TableColumn,Table Column
CAST_Python_ORM_Mapping,Data Query
CAST_Python_PostAiohttpService,Web Services Call
CAST_Python_PostHttplib2Service,Web Services Call
CAST_Python_PostHttplibService,Web Services Call
CAST_Python_PostRequestsService,Web Services Call
CAST_Python_PostServiceRequest,Web Services Call
CAST_Python_PostUrllib2Service,Web Services Call
CAST_Python_PostUrllibService,Web Services Call
CAST_Python_PutAiohttpService,Web Services Call
CAST_Python_PutHttplib2Service,Web Services Call
CAST_Python_PutHttplibService,Web Services Call
CAST_Python_PutRequestsService,Web Services Call
CAST_Python_PutServiceRequest,Web Services Call
CAST_Python_PutUrllibService,Web Services Call
CAST_Python_Query,Data Query
CAST_Python_SMS,Data Outbound
CAST_Python_Script,File
CAST_Python_SourceCode,File
CAST_Python_StaticInitializer,Function
CAST_Python_WebService_AnyOperation,Exposed Web Services
CAST_Python_WebService_DeleteOperation,Exposed Web Services
CAST_Python_WebService_GetOperation,Exposed Web Services
CAST_Python_WebService_PostOperation,Exposed Web Services
CAST_Python_WebService_PutOperation,Exposed Web Services
CAST_RPG300_RPG400_MissingTable_Procedure,Database Function
CAST_RPG300_RPG400_MissingTable_Schema,Schema
CAST_RPG300_RPG400_MissingTable_Table,Table
CAST_RabbitMQ_Java_Consumer,Message Queue Subscriber
CAST_RabbitMQ_Java_Exchange,Message Queue Publisher
CAST_RabbitMQ_Java_ExchangeBind,Message-Oriented
CAST_RabbitMQ_Java_ExchangeDeclaration,Message-Oriented
CAST_RabbitMQ_Java_Publisher,Message Queue Publisher
CAST_RabbitMQ_Java_Queue,Message Queue Subscriber
CAST_RabbitMQ_Java_QueueBind,Variable
CAST_RabbitMQ_Java_Unknown_Consumer,Message Queue Subscriber
CAST_RabbitMQ_Java_Unknown_Exchange,Message Queue Publisher
CAST_RabbitMQ_Java_Unknown_Publisher,Message Queue Publisher
CAST_RabbitMQ_Java_Unknown_Queue,Message Queue Subscriber
CAST_RabbitMQ_Python_Exchange,Message Queue Publisher
CAST_RabbitMQ_Python_Queue,Message Queue Subscriber
CAST_RabbitMQ_Python_QueueCall,Message Queue Publisher
CAST_RabbitMQ_Python_QueueReceive,Message Queue Subscriber
CAST_ReactJS_Application,Application
CAST_ReactJS_Component,Controller
CAST_ReactJS_Function_Component,Function
CAST_ReactJS_Redux_Form,UI
CAST_ReduxJS_ReducerHandler,Function
CAST_SAPUI5_ABAP_DeleteOperation,Exposed Web Services
CAST_SAPUI5_ABAP_GetOperation,Exposed Web Services
CAST_SAPUI5_ABAP_PostOperation,Exposed Web Services
CAST_SAPUI5_ABAP_PutOperation,Exposed Web Services
CAST_SAPUI5_Application,Application
CAST_SAPUI5_CDSView_Operation,Exposed Web Services
CAST_SAPUI5_Component,Controller
CAST_SAPUI5_Controller,Controller
CAST_SAPUI5_HTMLView,UI
CAST_SAPUI5_JSONModel,Data Object
CAST_SAPUI5_JSONView,UI
CAST_SAPUI5_JSView,UI
CAST_SAPUI5_Library,Project
CAST_SAPUI5_ModelFunction,Function
CAST_SAPUI5_Object,Controller
CAST_SAPUI5_XMLFragment,UI
CAST_SAPUI5_XMLView,UI
CAST_SAP_BAPI,Function
CAST_SAP_BAPI_ATTRIBUTE,Variable
CAST_SAP_BAPI_EVENT,Event Handling
CAST_SAP_BAPI_File,File
CAST_SAP_BAPI_KEY_FIELD,UI
CAST_SAP_BAPI_METHOD,Function
CAST_SAP_MethodSQLScriptFunction,Function
CAST_SAP_MethodSQLScriptProcedure,Procedure
CAST_SAP_R3WDYN_Action,Function
CAST_SAP_R3WDYN_Application,Application
CAST_SAP_R3WDYN_Attribute,UI
CAST_SAP_R3WDYN_Component,UI
CAST_SAP_R3WDYN_ComponentController,UI
CAST_SAP_R3WDYN_EventHandler,Event Handling
CAST_SAP_R3WDYN_File,File
CAST_SAP_R3WDYN_InboundPlugin,UI
CAST_SAP_R3WDYN_InterfaceController,UI
CAST_SAP_R3WDYN_InterfaceView,UI
CAST_SAP_R3WDYN_Method,Function
CAST_SAP_R3WDYN_OutboundPlugin,UI
CAST_SAP_R3WDYN_SupplyFunction,Function
CAST_SAP_R3WDYN_View,UI
CAST_SAP_R3WDYN_Window,UI
CAST_SHELL_AWS_DynamoDB_Database,Storage Connection
CAST_SHELL_AWS_DynamoDB_Table,Collection
CAST_SHELL_AWS_Lambda,Cloud Function
CAST_SHELL_AWS_S3_Bucket,Cloud FileStorage
CAST_SHELL_AWS_SNS_Publisher,Message Queue Publisher
CAST_SHELL_AWS_SNS_Subscriber,Message Queue Subscriber
CAST_SHELL_AWS_SNS_Unknown_Publisher,Message Queue Publisher
CAST_SHELL_AWS_SNS_Unknown_Subscriber,Message Queue Subscriber
CAST_SHELL_AWS_SQS_Publisher,Message Queue Publisher
CAST_SHELL_AWS_SQS_Receiver,Message Queue Subscriber
CAST_SHELL_AWS_SQS_Unknown_Publisher,Message Queue Publisher
CAST_SHELL_AWS_SQS_Unknown_Receiver,Message Queue Subscriber
CAST_SHELL_AWS_Unknown_DynamoDB_Table,Collection
CAST_SHELL_AWS_Unknown_S3_Bucket,Cloud FileStorage
CAST_SHELL_CallTo_AWS_Lambda,Cloud Function Invocation
CAST_SHELL_CallTo_AWS_Unknown_Lambda,Cloud Function Invocation
CAST_SHELL_DeleteServiceRequest,Web Services Call
CAST_SHELL_Email,Data Outbound
CAST_SHELL_GetServiceRequest,Web Services Call
CAST_SHELL_PostServiceRequest,Web Services Call
CAST_SHELL_PutServiceRequest,Web Services Call
CAST_SHELL_SMS,Data Outbound
CAST_SQL_NamedQuery,Data Query
CAST_SQL_NamedStoredProcedureQuery,Data Query
CAST_SQL_UnresolvedFunction,Database Function
CAST_SQL_UnresolvedProcedure,Procedure
CAST_SQL_UnresolvedSchema,Schema
CAST_SQL_UnresolvedServer,Storage Connection
CAST_SQL_UnresolvedTableSource,Table
CAST_SWT_EventHandler,Event Handling
CAST_SWT_UI,UI
CAST_Servlet_AnyOperation,Exposed Web Services
CAST_Servlet_DeleteOperation,Exposed Web Services
CAST_Servlet_GetOperation,Exposed Web Services
CAST_Servlet_PostOperation,Exposed Web Services
CAST_Servlet_PutOperation,Exposed Web Services
CAST_SpringData_JPA_SQLQuery,Data Query
CAST_SpringData_Query,Data Query
CAST_SpringData_UnknownTable,Table
CAST_SpringJDBC_Query,Data Query
CAST_SpringMVC_AnyOperation,Exposed Web Services
CAST_SpringMVC_DeleteOperation,Exposed Web Services
CAST_SpringMVC_GetOperation,Exposed Web Services
CAST_SpringMVC_Port,Configuration
CAST_SpringMVC_PostOperation,Exposed Web Services
CAST_SpringMVC_PutOperation,Exposed Web Services
CAST_SpringMVC_Service,Configuration
CAST_SpringSecurity_Configuration,Configuration
CAST_SpringWebFlux_AnyOperation,Exposed Web Services
CAST_SpringWebFlux_DeleteOperation,Exposed Web Services
CAST_SpringWebFlux_GetOperation,Exposed Web Services
CAST_SpringWebFlux_PostOperation,Exposed Web Services
CAST_SpringWebFlux_PutOperation,Exposed Web Services
CAST_Struts_FormValidator,Function
CAST_Struts_GetOperation,Exposed Web Services
CAST_Struts_Operation,Exposed Web Services
CAST_Struts_ParamInterceptor,Function
CAST_Struts_PostOperation,Exposed Web Services
CAST_Swift_Class,Class
CAST_Swift_DefaultInit,Class Constructor
CAST_Swift_DeleteHttpService,Web Services Call
CAST_Swift_Enumeration,Enumeration
CAST_Swift_Function,Function
CAST_Swift_GetHttpService,Web Services Call
CAST_Swift_Method,Function
CAST_Swift_PostHttpService,Web Services Call
CAST_Swift_Protocol,Class
CAST_Swift_PutHttpService,Web Services Call
CAST_Swift_SourceCode,File
CAST_Swift_StoryBoardFile,File
CAST_Swift_Structure,Class
CAST_Swift_XibFile,File
CAST_Swing_EventHandler,Event Handling
CAST_Swing_UI,UI
CAST_TS_AWS_SQS_Publisher,Message Queue Publisher
CAST_TS_AWS_SQS_Receiver,Message Queue Subscriber
CAST_TS_AWS_SQS_Unknown_Publisher,Message Queue Publisher
CAST_TS_AWS_SQS_Unknown_Receiver,Message Queue Subscriber
CAST_TS_Angular_Component,Controller
CAST_TS_Angular_Directive,Controller
CAST_TS_Builtin,Variable
CAST_TS_Class,Class
CAST_TS_ClassInitializer,Class Constructor
CAST_TS_DeleteHttpRequestService,Web Services Call
CAST_TS_DeleteNgHttpService,Web Services Call
CAST_TS_Field,Variable
CAST_TS_Function,Function
CAST_TS_GetHttpRequestService,Web Services Call
CAST_TS_GetNgHttpService,Web Services Call
CAST_TS_Interface,Class
CAST_TS_Method,Function
CAST_TS_Namespace,Namespace
CAST_TS_PostHttpRequestService,Web Services Call
CAST_TS_PostNgHttpService,Web Services Call
CAST_TS_PutHttpRequestService,Web Services Call
CAST_TS_PutNgHttpService,Web Services Call
CAST_TS_Query,Data Query
CAST_TS_SourceCode,File
CAST_Thymeleaf_DeleteResourceService,Web Services Call
CAST_Thymeleaf_GetResourceService,Web Services Call
CAST_Thymeleaf_PostResourceService,Web Services Call
CAST_Thymeleaf_PutResourceService,Web Services Call
CAST_TypeScript_Redux_Action_Handler,Function
CAST_VBSCript_ClientSide_PropertyGet,Property Getter
CAST_VBSCript_ClientSide_PropertyLet,Property Setter
CAST_VBSCript_ClientSide_PropertySet,Property Setter
CAST_VBSCript_ServerSide_PropertyGet,Property Getter
CAST_VBSCript_ServerSide_PropertyLet,Property Setter
CAST_VBSCript_ServerSide_PropertySet,Property Setter
CAST_VBScript_ClientSide_Class,Class
CAST_VBScript_ClientSide_Constant,Variable
CAST_VBScript_ClientSide_Function,Function
CAST_VBScript_ClientSide_Sub,Variable
CAST_VBScript_ClientSide_Variable,Variable
CAST_VBScript_ServerSide_Class,Class
CAST_VBScript_ServerSide_Constant,Variable
CAST_VBScript_ServerSide_Function,Function
CAST_VBScript_ServerSide_Sub,Procedure
CAST_VBScript_ServerSide_Variable,Variable
CAST_Vaadin_Event_Handler,Event Handling
CAST_Vaadin_View,UI
CAST_VueJS_Delete_Request_Service,Web Services Call
CAST_VueJS_Get_Request_Service,Web Services Call
CAST_VueJS_Post_Request_Service,Web Services Call
CAST_VueJS_Put_Request_Service,Web Services Call
CAST_Web_AppletDirectory,Project
CAST_Web_Asp_Method,Function
CAST_Web_Asp_Property,Variable
CAST_Web_COMObjetsDirectory,Project
CAST_Web_Constant,Variable
CAST_Web_Directory,Project
CAST_Web_ExternalUrlDirectory,Project
CAST_Web_File,File
CAST_Web_FunctionClass,Class
CAST_Web_FunctionEvent,Event Handling
CAST_Web_FunctionFunction,Function
CAST_Web_FunctionMethod,Function
CAST_Web_FunctionProcedure,Procedure
CAST_Web_FunctionPropertyGet,Property Getter
CAST_Web_FunctionPropertyLet,Property Setter
CAST_Web_FunctionPropertySet,Property Setter
CAST_Web_GlobalVariablesDirectory,Project
CAST_Web_HTC_Class,Class
CAST_Web_HTC_Event,Event Handling
CAST_Web_HTC_Method,Function
CAST_Web_HTC_Property,Variable
CAST_Web_Instance,Application
CAST_Web_URLDirectory,Project
CAST_Web_Variable,Variable
CAST_Wicket_Event,Event Handling
CAST_wsdl_CICS_webservice,Configuration
CDI_BEAN,Bean
CICS_BMS,UI
CICS_CSDFILE,File
CICS_DATASET,FileStorage
CICS_DB2TRANS,Transaction
CICS_FOLDER,Project
CICS_MAP,UI
CICS_MAPSET,UI
CICS_TDQUEUE,FileStorage
CICS_TRANSACTION,Transaction
CICS_TSMODEL,FileStorage
CL400DataQueueCall,Message Queue Publisher
CL400DataQueueReceive,Message Queue Subscriber
CL400DataUnknownQueueCall,Message Queue Publisher
CL400DataUnknownQueueReceive,Message Queue Subscriber
CL400DiskFile,Data Access
CL400DisplayFile,UI
CL400IBMMQQueueCall,Message Queue Publisher
CL400IBMMQQueueReceive,Message Queue Subscriber
CL400IBMMQUnknownQueueCall,Message Queue Publisher
CL400IBMMQUnknownQueueReceive,Message Queue Subscriber
CL400Program,Program
CL400SQLStructure,Data Query
CL400SqlFileQuery,Data Query
CL400Subroutine,Function
CL400UnknownDDSDiskFile,FileStorage
CL400UnknownDDSDisplayFile,UI
CL400UnknownProgram,Program
COBOL_CICS_FILE,File
COBOL_CICS_MAP,UI
COBOL_CICS_QUEUE,FileStorage
COBOL_DBD,Schema
COBOL_PSB,Data Access
COBOL_ROOTDIRECTORY,Project
CTLprogram,Program
C_CLASS,Class
C_CLASSFOLDER,Project
C_CONSTRUCTOR,Class Constructor
C_DESTRUCTOR,Class Destructor
C_DIRECTORY,Project
C_ENUM,Enumeration
C_ENUMITEM,Enumeration
C_FILE,File
C_FILESCOPEFOLDER,Project
C_FUNCTION,Function
C_GLOBAL,Variable
C_GLOBALVARIABLE,Variable
C_MACRO,Macro
C_MEMBER,Function
C_METHOD,Function
C_ROOTDIRECTORY,Project
C_STRUCT,Class
C_TEMPLATE_CLASS,Class
C_TEMPLATE_CLASS_INSTANCE,Class
C_TEMPLATE_CTOR,Class Constructor
C_TEMPLATE_CTOR_INSTANCE,Class Constructor
C_TEMPLATE_FUNCTION,Function
C_TEMPLATE_FUNCTION_INSTANCE,Function
C_TEMPLATE_METHOD,Function
C_TEMPLATE_METHOD_INSTANCE,Function
C_TEMPLATE_PARAM,Variable
C_TYPEDEF,Macro
C_UNION,Class
CallTo_program,Run Service
Custom_COBOL_ProgramPrototype,Program
Custom_JCL_ProgramPrototype,Program
DB400Index,Index
DB400Record,Variable
DB400Table,Table
DB400View,View
DDS400DSPFFile,File
DDS400LogicalFile,File
DDS400PRTFFile,File
DDS400PhysicalFile,File
DDS400Section,Function
EGLDataTable,Table
EGLForm,UI
EGLFormGroup,UI
EGLFunction,Function
EGLPackage,Package
EGLProgram,Program
EGLProjectDeclaration,Project
EGLRecordColumn,Table Column
EGLReferencedProjects,Project
Easyfile,File
Easymacro,Macro
Easyproc,Procedure
Easyreport,Data Outbound
Eztprogram,Program
FLEX_RemoteClass,Class
FLEX_class,Class
FLEX_field,Variable
FLEX_function,Function
FLEX_getter,Property Getter
FLEX_package,Package
FLEX_script,File
FLEX_setter,Property Setter
FORMS_RDF_BODY,UI
FORMS_RDF_BP_ARC,UI
FORMS_RDF_BP_ELLIPSE,UI
FORMS_RDF_BP_FREEHAND,UI
FORMS_RDF_BP_IMAGE,UI
FORMS_RDF_BP_LINE,UI
FORMS_RDF_BP_POLYGONE,UI
FORMS_RDF_BP_POLYLINE,UI
FORMS_RDF_BP_RECTANGLE,UI
FORMS_RDF_BP_ROUNDED_RECTANGLE,UI
FORMS_RDF_BP_TEXT,UI
FORMS_RDF_BP_UNKNOWN,UI
FORMS_RDF_BUTTON,UI
FORMS_RDF_CHART,UI
FORMS_RDF_DB_COLUMN,Table Column
FORMS_RDF_EXT_FILE_QUERY,Data Query
FORMS_RDF_FIELD,UI
FORMS_RDF_FORMULA_COLUMN,UI
FORMS_RDF_FRAME,UI
FORMS_RDF_HEADER,UI
FORMS_RDF_LAYOUT_MODEL,UI
FORMS_RDF_MARGIN,UI
FORMS_RDF_MODULE,Class Grouping
FORMS_RDF_NON_ORADB_QUERY,Data Query
FORMS_RDF_PARAMETER_FORM,Variable
FORMS_RDF_PLACEHOLDER_COLUMN,UI
FORMS_RDF_QUERY,Data Query
FORMS_RDF_REF_CURSOR_QUERY,Data Query
FORMS_RDF_REPEATING_FRAME,UI
FORMS_RDF_SUMMARY_COLUMN,UI
FORMS_RDF_SYSTEM_PARAMETER,Variable
FORMS_RDF_TRAILER,UI
FORMS_RDF_UNKNOWN_QUERY,Data Query
FORMS_RDF_USER_PARAMETER,Variable
FORMS_RDF_USER_UNKNOWN_COLUMN,UI
FORM_VALIDATION_FILE,Function
FormsScriptFunction,Function
FormsScriptModule,Class Grouping
FormsScriptPackage,Package
FormsScriptProcedure,Procedure
FormsScriptTrigger,Trigger
FortranExternalFunction,Function
FortranExternalSubroutine,Function
FortranIOSTATVariable,Variable
FortranInterface,Class
FortranInternalFunction,Function
FortranInternalSubroutine,Function
FortranModule,Class Grouping
FortranProgram,Program
FortranSTATVariable,Variable
HIB_CONFIG_FILE,Configuration
HIB_ENTITY,Data Entity
HIB_ENTITY_PROPERTY,Variable
HIB_HQL_NAMED_QUERY,Data Query
HIB_MAPPING_FILE,File
HIB_SQL_NAMED_QUERY,Data Query
JCL_PROGRAM,Program
JCL_PSB,Data Access
JPA_EMBEDDABLE_PROPERTY,Variable
JPA_ENTITY,Data Entity
JPA_ENTITY_PROPERTY,Variable
JPA_NAMED_NATIVE_QUERY,Data Query
JPA_NAMED_QUERY,Data Query
JPA_ORM_CONFIG_FILE,Configuration
JPA_PERS_CONFIG_FILE,Configuration
JSF_CONVERTER,Function
JSF_FACES_CONFIG_FILE,Configuration
JSF_INPUT_FIELD,UI
JSF_MANAGED_BEAN,Bean
JSF_OUTCOME,Function
JSF_VALIDATOR,Function
JSF_VIEW_ID_PATTERN,UI
JSP_ACTION_MAPPING,Configuration
JSP_APPDESCRIPTOR,Function
JSP_ATTRIBUTES_SCOPE,Variable
JSP_BEAN,Bean
JSP_BEAN_PROP,Variable
JSP_BEAN_PROP_TILES_DEF_ATTRIBUTE,Variable
JSP_BEAN_TILES_DEF,Bean
JSP_ELFUNCTION,Function
JSP_FORWARD,Configuration
JSP_GENERIC,Configuration
JSP_PROPERTIES_FILE,File
JSP_STXX_TRANSFORM,Service Invocation
JSP_STXX_TRANSFORMS_FILE,Configuration
JSP_TILES_DEF_FILE,File
JSP_XMLCONFIG_FILE,File
JV_APPLET,Class
JV_CLASS,Class
JV_CTOR,Class Constructor
JV_EJB_ENTITY,Data Entity
JV_EJB_MESSAGE,Service Interface
JV_EJB_SESSION,Data Object
JV_ENUM,Enumeration
JV_ENUM_ITEM,Enumeration
JV_FIELD,Variable
JV_FILE,File
JV_GENERIC_CLASS,Class
JV_GENERIC_CTOR,Class Constructor
JV_GENERIC_INTERFACE,Class
JV_GENERIC_METHOD,Function
JV_IMPORT,Project
JV_INIT,Function
JV_INST_CLASS,Class
JV_INST_CTOR,Class Constructor
JV_INST_INTERFACE,Class
JV_INST_METHOD,Function
JV_INTERFACE,Class
JV_JDO,Data Object
JV_METHOD,Function
JV_PACKAGE,Package
JV_RECORD,Data Object
JV_RECORD_COMPONENT,Data Object
JV_TYPEPARAM,Variable
MENUBar,UI
MENUItem,UI
PB_APPLICATION,Application
PB_CONTROL,UI
PB_DATASTORE,Schema
PB_DATAWINDOW,UI
PB_DEC_PROC,Procedure
PB_EVENT,Event Handling
PB_EXTFUNCTION,Function
PB_FUNCINCLASS,Function
PB_FUNCTION,Function
PB_GLOBALVARIABLE,Variable
PB_LIBRARY,Project
PB_MEMBERVARIABLE,Variable
PB_MENU,UI
PB_RPCFUNC,Function
PB_STRUCTURE,Class
PB_WINDOW,UI
PLCDB2Table,Table
PLCFileStructure,File
PLCFunction,Function
PLCInclude,Variable
PLCMainProcedure,Procedure
PLCProcedure,Procedure
PLIDB2Table,Table
PLIFileStructure,File
PLIFunction,Function
PLIMainProcedure,Procedure
PLIProcedure,Procedure
PLSQLANALYSE,File
PLSQLFILE,File
PSoft_AEActionCall,Service Invocation
PSoft_AESection,Function
PSoft_AESectionMarket,Function
PSoft_ActivityEvent,Event Handling
PSoft_ActivityReport,Data Outbound
PSoft_AppClass,Class
PSoft_AppPackage,Package
PSoft_CompIntPropEvent1,Event Handling
PSoft_CompIntPropEvent2,Event Handling
PSoft_CompIntPropEvent3,Event Handling
PSoft_CompInterfaceEvent,Event Handling
PSoft_ComponentEvent,Event Handling
PSoft_ComponentRecordEvent,Event Handling
PSoft_ComponentRecordFieldEvent,Event Handling
PSoft_FileLayout,File
PSoft_HTML,File
PSoft_MenuEvent,Event Handling
PSoft_MenuItem,UI
PSoft_MessageEvent,Event Handling
PSoft_Module,Class Grouping
PSoft_Package,Package
PSoft_PageEvent,Event Handling
PSoft_PeopleCodeFunction,Function
PSoft_PortalFolder,Project
PSoft_Query,Data Query
PSoft_RecordFieldEvent,Event Handling
PSoft_RecordIndex,Index
PSoft_RecordQuery,Data Query
PSoft_RecordTable,Table
PSoft_SubPackage,Package
PSoft_SubscriptionEvent,Event Handling
RPG300CopyProgram,Program
RPG300DataQueueCall,Message Queue Publisher
RPG300DataQueueReceive,Message Queue Subscriber
RPG300DataUnknownQueueCall,Message Queue Publisher
RPG300DataUnknownQueueReceive,Message Queue Subscriber
RPG300FileDisk,Data Access
RPG300FilePrinter,Data Outbound
RPG300FileSeq,Data Access
RPG300FileSpecial,Data Access
RPG300FileWorkstn,UI
RPG300IBMMQQueueCall,Message Queue Publisher
RPG300IBMMQQueueReceive,Message Queue Subscriber
RPG300IBMMQUnknownQueueCall,Message Queue Publisher
RPG300IBMMQUnknownQueueReceive,Message Queue Subscriber
RPG300MainSubroutine,Function
RPG300Program,Program
RPG300SQLStructure,Data Query
RPG300Subroutine,Function
RPG300UnknownCopy,Function
RPG300UnknownDDSDiskFile,FileStorage
RPG300UnknownDDSDisplayFile,UI
RPG300UnknownDDSPrinterFile,Data Outbound
RPG300UnknownProgram,Program
RPG400CopyProgram,Program
RPG400DataQueueCall,Message Queue Publisher
RPG400DataQueueReceive,Message Queue Subscriber
RPG400DataUnknownQueueCall,Message Queue Publisher
RPG400DataUnknownQueueReceive,Message Queue Subscriber
RPG400DeleteResourceService,Web Services Call
RPG400FileDisk,FileStorage
RPG400FilePrinter,Data Outbound
RPG400FileSeq,Data Access
RPG400FileSpecial,Data Access
RPG400FileWorkstn,UI
RPG400GetResourceService,Web Services Call
RPG400IBMMQQueueCall,Message Queue Publisher
RPG400IBMMQQueueReceive,Message Queue Subscriber
RPG400IBMMQUnknownQueueCall,Message Queue Publisher
RPG400IBMMQUnknownQueueReceive,Message Queue Subscriber
RPG400MainSubroutine,Function
RPG400Module,Class Grouping
RPG400PostOperation,Exposed Web Services
RPG400PostResourceService,Web Services Call
RPG400Procedure,Procedure
RPG400ProcedurePrototype,Procedure
RPG400Program,Program
RPG400PutResourceService,Web Services Call
RPG400SQLStructure,Data Query
RPG400Subroutine,Function
RPG400UnknownCopy,Function
RPG400UnknownDDSDiskFile,FileStorage
RPG400UnknownDDSDisplayFile,UI
RPG400UnknownDDSPrinterFile,Data Outbound
RPG400UnknownProcedure,Procedure
RPG400UnknownProgram,Program
Rexxfile,File
Rexxfunction,Function
Rexxprocedure,Procedure
Rexxprogram,Program
SAPCDSView,View
SAPTable,Table
SAPTransaction,Transaction
SAPTransactionFile,Transaction
SAPUnresolvedFolder,Project
SAPView,UI
SHELLFunction,Function
SHELLGeneralCall,Run Service
SHELLJavaCall,Run Service
SHELLProgram,Program
SHELLSpecialFunction,Function
SIEBEL_APPLET_METHOD_MENU_ITEM,Function
SIEBEL_APPLICATION,Application
SIEBEL_APPL_EVENT_SERVICE,Event Handling
SIEBEL_APPL_METHOD_MENU_ITEM,Function
SIEBEL_BUSSERV_METHOD,Function
SIEBEL_BUSSERV_METHOD_ARG,Function
SIEBEL_CLASS_ACTIVXCTRL,Class
SIEBEL_CLASS_APPLET,Class
SIEBEL_CLASS_BUSCOMP,Class
SIEBEL_CLASS_DOCUMENT,Class
SIEBEL_CLASS_JAVA_APPLET,Class
SIEBEL_CLASS_NULL,Class
SIEBEL_CLASS_REPORT,Data Outbound
SIEBEL_CLASS_SCRIPT,Class
SIEBEL_CLASS_SEARCH,Class
SIEBEL_CLASS_SERVICE,Class
SIEBEL_COLUMN,Table Column
SIEBEL_INDEX,Index
SIEBEL_INDEX_COLUMN,Index
SIEBEL_METHOD,Function
SIEBEL_METHOD_MENU_ITEM,Function
SIEBEL_T_VIRTUAL_TABLE,Table
SIEBEL_VIEW_REPORT,Data Outbound
SIEBEL_WEBTEMPLATE_FILE,File
SL_JS_Function,Function
SL_JS_Source_Code,File
SL_XAML_Control,UI
SL_XAML_Custom_Control,UI
SOAP_JV_CLIENT_ENDPOINT,Configuration
SOAP_JV_CLIENT_OPERATION,Exposed Web Services
SOAP_JV_CLIENT_SERVICE,Configuration
SOAP_JV_OPERATION,Exposed Web Services
SOAP_JV_PORTTYPE,Configuration
SOAP_JV_SERVICE,Configuration
SPRING_BEAN,Bean
SPRING_BEANS_FILE,File
SPRING_CONTROLLER,Controller
SPRING_VIEW,UI
SQLScriptDML,File
SQLScriptDatabase,Storage
SQLScriptDatabaseLink,Storage Connection
SQLScriptEvent,Event Handling
SQLScriptForeignKey,SQL Key
SQLScriptFunction,Database Function
SQLScriptFunctionSynonym,Database Function
SQLScriptIndex,Index
SQLScriptMacro,Macro
SQLScriptMethod,Database Function
SQLScriptPackage,Package
SQLScriptPackageSynonym,Package
SQLScriptProcedure,Procedure
SQLScriptProcedureSynonym,Procedure
SQLScriptSchema,Schema
SQLScriptTable,Table
SQLScriptTableColumn,Table Column
SQLScriptTableSynonym,Table
SQLScriptTrigger,Trigger
SQLScriptType,Variable
SQLScriptTypeSynonym,Table
SQLScriptUniqueConstraint,SQL Key
SQLScriptUnresolvedFunction,Database Function
SQLScriptUnresolvedSchema,Schema
SQLScriptUnresolvedTable,Table
SQLScriptView,View
SQLScriptViewSynonym,View
SQLScript_Missing_Procedure,Procedure
SQLScript_Missing_Schema,Schema
SQLScript_Missing_Table,Table
STRUTS_CONFIG_FILE,Configuration
STRUTS_FORM_BEAN,Bean
ScriptFunction,Function
ScriptSection,File
Siebel_Module,Class Grouping
Spring_BatchJob,Run Service
Spring_BatchModule,Function Grouping
Spring_BatchStep,Run Service
Tibco_AECLASS,Class
Tibco_AECLASSFIELD,Variable
Tibco_AESCHEMA,Schema
Tibco_ApplicationModule,Class Grouping
Tibco_ApplicationModule_Directory,Project
Tibco_JDBCSharedResource,Storage Connection
Tibco_JMSConnectionKey,Storage Connection
Tibco_ProcessActivityJavaProcessCall,Service Invocation
Tibco_ProcessVariable,Variable
Tibco_ProcessVariableGroup,Variable
Tibco_ServiceOperation,Exposed Web Services
Tibco_SharedModule,Class Grouping
Tibco_SharedModule_Directory,Project
URL,Project
Unknown_JCL_Dataset,FileStorage
Unknown_Rexxprogram,Program
VALIDATION_FORM,Function
VALIDATION_FORMS_SET,Function
VALIDATION_FORM_FIELD,Function
VB_CLASS_MODULE,Class
VB_CONST,Variable
VB_CONTROL,UI
VB_DESIGNER,File
VB_ENUM,Enumeration
VB_EVENT,Event Handling
VB_EXTFUNCTION,Function
VB_FORM,UI
VB_FUNCTION,Function
VB_MDI_FORM,UI
VB_MODULE,Class Grouping
VB_PROJECT_GROUP,Project
VB_PROPERTY_GET,Property Getter
VB_PROPERTY_LET,Property Setter
VB_PROPERTY_PAGE,Variable
VB_PROPERTY_SET,Property Setter
VB_TYPE,Variable
VB_USER_CONTROL,UI
VB_VAR,Variable
WCFService,Configuration
WCF_ClientEndpoint,Web Services Call
WCF_Configuration,Configuration
WCF_DataContract,Data Object
WCF_OperationContract,Web Services Call
WCF_OperationMethodDelete,Exposed Web Services
WCF_OperationMethodGet,Exposed Web Services
WCF_OperationMethodPost,Exposed Web Services
WCF_OperationMethodPut,Exposed Web Services
WCF_PostResourceService,Web Services Call
WCF_ServiceEndpoint,Exposed Web Services
XAML_Control,UI
XAML_Custom_Control,UI
XML_BEAN,Bean
abapBadi,Class Grouping
abapEventBlock,Event Handling
abapFlowLogicFile,File
abapForm,Function
abapFunction,Function
abapFunctionPool,Function Grouping
abapInclude,File
abapMacro,Macro
abapModule,Function
abapModulePool,Class Grouping
abapProcessingScreen,UI
abapProgram,Program
abapSelectionScreen,UI
abapTypePool,File
abapUnresolvedFolder,Project
abapUnresolvedObject,Function
abapUserExit,File
phpClass,Class
phpConstants,Variable
phpConstructor,Class Constructor
phpFunction,Function
phpInterface,Class
phpMember,Variable
phpMethod,Function
phpSection,Function
phpSymfonyController,Controller
phpSymfonyControllerClass,Class
